{"stats":{"minecraft:killed":{"minecraft:skeleton":1,"minecraft:zombie":3,"spore:inf_human":1,"spore:inf_player":1},"minecraft:used":{"minecraft:stone_sword":25,"minecraft:stone_pickaxe":106,"minecraft:bread":1,"minecraft:iron_pickaxe":1,"minecraft:torch":11,"minecraft:dirt":3,"minecraft:cobblestone":11,"minecraft:furnace":1,"minecraft:cooked_beef":6},"minecraft:custom":{"minecraft:time_since_rest":2753,"minecraft:sprint_one_cm":94606,"minecraft:interact_with_furnace":5,"minecraft:damage_taken":1480,"minecraft:walk_one_cm":31398,"minecraft:mob_kills":6,"minecraft:drop":7,"minecraft:damage_dealt":1094,"minecraft:interact_with_crafting_table":8,"minecraft:fly_one_cm":88683,"minecraft:open_chest":4,"minecraft:crouch_one_cm":2278,"minecraft:play_time":25288,"minecraft:deaths":4,"minecraft:bell_ring":6,"minecraft:sneak_time":1356,"minecraft:jump":548,"minecraft:leave_game":1,"minecraft:walk_on_water_one_cm":559,"minecraft:time_since_death":2721,"minecraft:sleep_in_bed":1,"minecraft:total_world_time":25288,"minecraft:fall_one_cm":23587},"minecraft:mined":{"jeg:scrap_ore":9,"minecraft:iron_ore":25,"minecraft:andesite":2,"minecraft:torch":1,"minecraft:grass_block":2,"gravestone:gravestone":3,"minecraft:grass":4,"minecraft:coal_ore":9,"minecraft:dirt":1,"minecraft:copper_ore":33,"minecraft:deepslate_gold_ore":1,"minecraft:stone":28,"minecraft:wall_torch":1},"minecraft:dropped":{"minecraft:andesite":2,"jeg:scrap_block":2,"gravestone:obituary":3,"jeg:scrap":3},"minecraft:crafted":{"minecraft:stick":4,"minecraft:furnace":1,"minecraft:torch":20,"jeg:scrap_block":2},"minecraft:picked_up":{"minecraft:raw_iron":25,"minecraft:stick":1,"spore:cerebrum":1,"minecraft:cooked_beef":13,"minecraft:andesite":2,"minecraft:torch":2,"jeg:scrap":27,"gravestone:obituary":1,"minecraft:gunpowder":1,"minecraft:dirt":3,"minecraft:raw_copper":114,"minecraft:bone":4,"minecraft:stone_sword":1,"minecraft:arrow":2,"minecraft:rotten_flesh":11,"minecraft:stone_axe":1,"minecraft:raw_gold":1,"minecraft:stone_pickaxe":1,"spore:mutated_fiber":11,"minecraft:oak_planks":24,"minecraft:coal":22,"minecraft:cobblestone":40},"minecraft:killed_by":{"minecraft:skeleton":1,"minecraft:creeper":1,"spore:inf_human":2}},"DataVersion":3465}