{"stats":{"minecraft:killed":{"minecraft:skeleton":1,"minecraft:zombie":1,"spore:inf_human":1},"minecraft:used":{"minecraft:stone_sword":12,"minecraft:bread":1,"minecraft:stone_pickaxe":106,"minecraft:torch":10,"minecraft:cobblestone":11,"minecraft:furnace":1,"minecraft:cooked_beef":6},"minecraft:custom":{"minecraft:time_since_rest":15823,"minecraft:interact_with_furnace":5,"minecraft:sprint_one_cm":59869,"minecraft:damage_taken":950,"minecraft:walk_one_cm":24130,"minecraft:mob_kills":3,"minecraft:drop":4,"minecraft:damage_dealt":560,"minecraft:interact_with_crafting_table":8,"minecraft:fly_one_cm":63880,"minecraft:open_chest":4,"minecraft:crouch_one_cm":2273,"minecraft:play_time":18814,"minecraft:deaths":2,"minecraft:sneak_time":1351,"minecraft:bell_ring":6,"minecraft:jump":394,"minecraft:leave_game":1,"minecraft:time_since_death":17635,"minecraft:sleep_in_bed":1,"minecraft:total_world_time":18814,"minecraft:fall_one_cm":12409},"minecraft:mined":{"jeg:scrap_ore":9,"minecraft:iron_ore":25,"minecraft:andesite":2,"gravestone:gravestone":1,"minecraft:grass":4,"minecraft:coal_ore":9,"minecraft:copper_ore":33,"minecraft:stone":28},"minecraft:dropped":{"minecraft:andesite":2,"jeg:scrap_block":2,"jeg:scrap":3},"minecraft:crafted":{"minecraft:stick":4,"minecraft:furnace":1,"minecraft:torch":20,"jeg:scrap_block":2},"minecraft:picked_up":{"minecraft:stick":1,"minecraft:raw_iron":25,"spore:cerebrum":1,"minecraft:cooked_beef":13,"minecraft:andesite":2,"gravestone:obituary":1,"jeg:scrap":27,"minecraft:gunpowder":1,"minecraft:raw_copper":114,"minecraft:bone":4,"minecraft:stone_sword":1,"minecraft:arrow":2,"minecraft:rotten_flesh":8,"minecraft:stone_axe":1,"minecraft:stone_pickaxe":1,"spore:mutated_fiber":8,"minecraft:oak_planks":24,"minecraft:coal":22,"minecraft:cobblestone":40},"minecraft:killed_by":{"minecraft:creeper":1,"spore:inf_human":1}},"DataVersion":3465}