{"stats":{"minecraft:killed":{"minecraft:skeleton":1,"minecraft:zombie":3,"spore:inf_human":2,"spore:inf_player":1},"minecraft:used":{"minecraft:stone_sword":26,"minecraft:stone_pickaxe":106,"minecraft:bread":3,"minecraft:iron_pickaxe":3,"jeg:scrap_workbench":1,"minecraft:stone_axe":1,"minecraft:gravel":8,"minecraft:torch":12,"minecraft:dirt":3,"minecraft:cobblestone":11,"minecraft:furnace":1,"minecraft:cooked_beef":6},"minecraft:custom":{"minecraft:time_since_rest":14753,"minecraft:sprint_one_cm":108596,"minecraft:interact_with_furnace":5,"minecraft:damage_taken":1530,"minecraft:walk_one_cm":36956,"minecraft:mob_kills":7,"minecraft:drop":10,"minecraft:damage_dealt":1124,"minecraft:interact_with_crafting_table":10,"minecraft:fly_one_cm":107621,"minecraft:open_chest":4,"minecraft:crouch_one_cm":2451,"minecraft:play_time":37288,"minecraft:deaths":4,"minecraft:bell_ring":6,"minecraft:sneak_time":1433,"minecraft:jump":672,"minecraft:leave_game":1,"minecraft:walk_on_water_one_cm":559,"minecraft:time_since_death":14721,"minecraft:sleep_in_bed":1,"minecraft:total_world_time":37288,"minecraft:fall_one_cm":28758},"minecraft:mined":{"jeg:scrap_workbench":1,"jeg:scrap_ore":9,"minecraft:iron_ore":25,"minecraft:andesite":2,"minecraft:deepslate_iron_ore":1,"minecraft:torch":2,"minecraft:grass_block":2,"gravestone:gravestone":3,"minecraft:grass":4,"minecraft:coal_ore":9,"minecraft:dirt":1,"minecraft:cobblestone":1,"minecraft:copper_ore":33,"minecraft:deepslate_gold_ore":1,"minecraft:stone":28,"minecraft:wall_torch":1},"minecraft:dropped":{"minecraft:iron_ingot":6,"minecraft:gunpowder":1,"minecraft:andesite":2,"jeg:scrap_block":2,"gravestone:obituary":3,"jeg:scrap":3,"minecraft:flint":3},"minecraft:crafted":{"minecraft:stick":4,"minecraft:furnace":1,"minecraft:torch":20,"jeg:scrap_block":2},"minecraft:picked_up":{"minecraft:raw_iron":26,"minecraft:stick":1,"spore:cerebrum":1,"minecraft:cooked_beef":13,"minecraft:andesite":2,"minecraft:torch":3,"jeg:scrap_workbench":1,"jeg:scrap":27,"gravestone:obituary":1,"minecraft:gunpowder":1,"jeg:handmade_shell":1,"minecraft:iron_leggings":1,"minecraft:dirt":3,"minecraft:raw_copper":114,"minecraft:bone":4,"minecraft:stone_sword":1,"minecraft:arrow":2,"minecraft:rotten_flesh":11,"minecraft:stone_axe":1,"minecraft:raw_gold":1,"minecraft:stone_pickaxe":1,"spore:mutated_fiber":17,"minecraft:oak_planks":24,"minecraft:coal":22,"minecraft:iron_boots":1,"minecraft:cobblestone":41},"minecraft:killed_by":{"minecraft:skeleton":1,"minecraft:creeper":1,"spore:inf_human":2}},"DataVersion":3465}