{"stats":{"minecraft:killed":{"spore:inf_player":2,"spore:volatile":1,"spore:inf_drowned":1,"minecraft:creeper":3,"spore:inf_villager":1,"minecraft:skeleton":1,"spore:inf_human":5,"minecraft:zombie":3},"minecraft:used":{"minecraft:cooked_mutton":3,"minecraft:stone_sword":51,"jeg:combat_rifle":51,"minecraft:stone_pickaxe":106,"minecraft:chest":1,"jeg:holy_shotgun":15,"minecraft:torch":16,"minecraft:dirt":3,"minecraft:crafting_table":1,"minecraft:white_bed":1,"minecraft:apple":3,"minecraft:bread":12,"minecraft:iron_pickaxe":3,"minecraft:gravel":26,"jeg:scrap_workbench":1,"minecraft:stone_axe":1,"minecraft:cobblestone":11,"minecraft:furnace":1,"jeg:waterpipe_shotgun":7,"minecraft:cooked_beef":6,"minecraft:cobbled_deepslate":3},"minecraft:custom":{"minecraft:interact_with_furnace":5,"minecraft:mob_kills":19,"minecraft:interact_with_crafting_table":11,"minecraft:bell_ring":6,"minecraft:damage_dealt_resisted":60,"minecraft:leave_game":1,"minecraft:time_since_death":3743,"minecraft:sleep_in_bed":1,"minecraft:time_since_rest":3785,"minecraft:sprint_one_cm":178006,"minecraft:damage_taken":5459,"minecraft:walk_one_cm":78911,"minecraft:drop":46,"minecraft:damage_dealt":1866,"minecraft:swim_one_cm":38,"minecraft:fly_one_cm":183792,"minecraft:player_kills":1,"minecraft:open_chest":8,"minecraft:crouch_one_cm":5468,"minecraft:play_time":73288,"minecraft:deaths":16,"minecraft:sneak_time":3367,"minecraft:walk_under_water_one_cm":225,"minecraft:jump":1219,"minecraft:walk_on_water_one_cm":2793,"minecraft:total_world_time":73288,"minecraft:fall_one_cm":48884},"minecraft:mined":{"minecraft:white_bed":1,"jeg:scrap_ore":9,"minecraft:torch":3,"gravestone:gravestone":15,"minecraft:grass_block":2,"minecraft:tall_grass":1,"minecraft:copper_ore":33,"minecraft:cobblestone":1,"minecraft:deepslate_gold_ore":1,"minecraft:oak_planks":1,"minecraft:wall_torch":3,"minecraft:hay_block":1,"jeg:scrap_workbench":1,"minecraft:iron_ore":25,"minecraft:andesite":2,"minecraft:grass":6,"minecraft:coal_ore":9,"minecraft:deepslate_iron_ore":1,"minecraft:dirt":1,"minecraft:stone":28},"minecraft:dropped":{"minecraft:iron_ingot":6,"minecraft:glow_ink_sac":5,"minecraft:diamond":4,"jeg:scrap_block":2,"minecraft:rotten_flesh":13,"jeg:scrap":3,"minecraft:flint":3,"jeg:shotgun_shell":16,"minecraft:gunpowder":1,"jeg:holy_shotgun":3,"minecraft:andesite":2,"gravestone:obituary":27,"jeg:waterpipe_shotgun":2,"jeg:tech_trash":5,"minecraft:bone":9},"minecraft:crafted":{"minecraft:crafting_table":1,"minecraft:furnace":1,"jeg:scrap_block":2,"minecraft:stick":4,"minecraft:chest":1,"minecraft:torch":20},"minecraft:picked_up":{"minecraft:iron_chestplate":1,"spore:mutated_heart":1,"spore:altered_spleen":1,"minecraft:cooked_beef":13,"minecraft:glow_ink_sac":5,"minecraft:andesite":2,"jeg:scrap_workbench":2,"gravestone:obituary":12,"jeg:scrap":27,"minecraft:gunpowder":3,"minecraft:dirt":3,"minecraft:raw_copper":114,"jeg:combat_rifle":1,"minecraft:iron_leggings":1,"minecraft:cooked_mutton":3,"minecraft:bone":6,"jeg:shotgun_shell":20,"minecraft:raw_gold":1,"minecraft:stone_pickaxe":1,"spore:mutated_fiber":37,"minecraft:oak_planks":25,"jeg:tech_trash":5,"minecraft:iron_boots":1,"minecraft:stick":1,"minecraft:raw_iron":26,"spore:cerebrum":1,"minecraft:cooked_porkchop":1,"spore:armor_fragment":12,"minecraft:torch":4,"minecraft:gravel":2,"minecraft:white_bed":1,"jeg:handmade_shell":19,"spore:claw_fragment":9,"minecraft:stone_sword":1,"minecraft:arrow":3,"minecraft:rotten_flesh":11,"minecraft:diamond":4,"minecraft:stone_axe":1,"minecraft:iron_helmet":1,"jeg:holy_shotgun":4,"jeg:waterpipe_shotgun":2,"minecraft:hay_block":1,"jeg:rifle_ammo":130,"spore:tendons":3,"minecraft:coal":22,"minecraft:cobblestone":41},"minecraft:killed_by":{"spore:inf_player":4,"spore:inf_drowned":1,"minecraft:player":1,"spore:inf_villager":1,"minecraft:skeleton":1,"minecraft:creeper":1,"minecraft:zombie":1,"spore:inf_human":3,"spore:inf_pillager":3}},"DataVersion":3465}