{"stats":{"minecraft:killed":{"spore:inf_player":1,"minecraft:creeper":1,"minecraft:skeleton":1,"spore:inf_human":3,"minecraft:zombie":3},"minecraft:used":{"minecraft:cooked_mutton":2,"minecraft:stone_sword":48,"minecraft:stone_pickaxe":106,"minecraft:torch":16,"minecraft:dirt":3,"minecraft:white_bed":1,"minecraft:bread":12,"minecraft:iron_pickaxe":3,"minecraft:gravel":18,"jeg:scrap_workbench":1,"minecraft:stone_axe":1,"minecraft:cobblestone":11,"minecraft:furnace":1,"jeg:waterpipe_shotgun":1,"minecraft:cooked_beef":6},"minecraft:custom":{"minecraft:interact_with_furnace":5,"minecraft:mob_kills":9,"minecraft:interact_with_crafting_table":10,"minecraft:bell_ring":6,"minecraft:leave_game":1,"minecraft:time_since_death":464,"minecraft:sleep_in_bed":1,"minecraft:time_since_rest":496,"minecraft:sprint_one_cm":139800,"minecraft:damage_taken":3955,"minecraft:walk_one_cm":48424,"minecraft:drop":19,"minecraft:damage_dealt":1770,"minecraft:swim_one_cm":38,"minecraft:fly_one_cm":160231,"minecraft:open_chest":4,"minecraft:crouch_one_cm":4139,"minecraft:play_time":49288,"minecraft:deaths":10,"minecraft:sneak_time":2576,"minecraft:walk_under_water_one_cm":225,"minecraft:jump":1006,"minecraft:walk_on_water_one_cm":1848,"minecraft:total_world_time":49288,"minecraft:fall_one_cm":39988},"minecraft:mined":{"minecraft:white_bed":1,"jeg:scrap_ore":9,"minecraft:torch":3,"gravestone:gravestone":9,"minecraft:grass_block":2,"minecraft:tall_grass":1,"minecraft:copper_ore":33,"minecraft:cobblestone":1,"minecraft:deepslate_gold_ore":1,"minecraft:wall_torch":3,"jeg:scrap_workbench":1,"minecraft:iron_ore":25,"minecraft:andesite":2,"minecraft:grass":6,"minecraft:coal_ore":9,"minecraft:deepslate_iron_ore":1,"minecraft:dirt":1,"minecraft:stone":28},"minecraft:dropped":{"minecraft:iron_ingot":6,"minecraft:glow_ink_sac":5,"jeg:scrap_block":2,"jeg:scrap":3,"minecraft:flint":3,"minecraft:gunpowder":1,"minecraft:andesite":2,"gravestone:obituary":9,"jeg:waterpipe_shotgun":2},"minecraft:crafted":{"minecraft:furnace":1,"jeg:scrap_block":2,"minecraft:stick":4,"minecraft:torch":20},"minecraft:picked_up":{"minecraft:cooked_beef":13,"minecraft:glow_ink_sac":5,"minecraft:andesite":2,"jeg:scrap_workbench":2,"gravestone:obituary":8,"jeg:scrap":27,"minecraft:gunpowder":3,"minecraft:dirt":3,"minecraft:raw_copper":114,"minecraft:iron_leggings":1,"minecraft:cooked_mutton":3,"minecraft:bone":6,"minecraft:raw_gold":1,"minecraft:stone_pickaxe":1,"spore:mutated_fiber":20,"minecraft:oak_planks":24,"minecraft:iron_boots":1,"minecraft:stick":1,"minecraft:raw_iron":26,"spore:cerebrum":1,"minecraft:cooked_porkchop":1,"minecraft:torch":4,"minecraft:white_bed":1,"jeg:handmade_shell":1,"minecraft:stone_sword":1,"minecraft:arrow":2,"minecraft:rotten_flesh":11,"minecraft:stone_axe":1,"jeg:waterpipe_shotgun":1,"minecraft:coal":22,"minecraft:cobblestone":41},"minecraft:killed_by":{"spore:inf_player":2,"spore:inf_villager":1,"minecraft:skeleton":1,"minecraft:creeper":1,"spore:inf_human":3,"spore:inf_pillager":2}},"DataVersion":3465}