{"stats":{"minecraft:killed":{"minecraft:skeleton":1,"minecraft:chicken":1,"spore:inf_player":2,"spore:volatile":1,"spore:inf_drowned":1,"minecraft:creeper":3,"spore:inf_pillager":1,"spore:inf_villager":4,"minecraft:zombie":4,"spore:inf_human":7},"minecraft:used":{"jeg:stun_grenade":2,"minecraft:stone_sword":51,"minecraft:chest":1,"jeg:holy_shotgun":16,"minecraft:torch":16,"minecraft:dirt":3,"jeg:grenade":3,"jeg:double_barrel_shotgun":30,"minecraft:furnace":1,"minecraft:cooked_beef":6,"minecraft:cobbled_deepslate":3,"jeg:pocket_bubble":6,"jeg:water_bomb":2,"minecraft:cooked_mutton":3,"jeg:combat_rifle":193,"minecraft:stone_pickaxe":106,"minecraft:crafting_table":1,"minecraft:white_bed":1,"minecraft:apple":3,"minecraft:bread":16,"minecraft:iron_pickaxe":3,"minecraft:gravel":26,"jeg:scrap_workbench":1,"minecraft:stone_axe":1,"minecraft:cobblestone":11,"minecraft:cooked_porkchop":1,"jeg:waterpipe_shotgun":8,"jeg:molotov_cocktail":1},"minecraft:custom":{"minecraft:mob_kills":27,"minecraft:interact_with_crafting_table":11,"minecraft:bell_ring":6,"minecraft:damage_dealt_resisted":60,"minecraft:leave_game":1,"minecraft:time_since_death":5267,"minecraft:sprint_one_cm":198634,"minecraft:walk_one_cm":109241,"minecraft:drop":49,"minecraft:play_time":85288,"minecraft:deaths":17,"minecraft:sneak_time":3375,"minecraft:walk_under_water_one_cm":225,"minecraft:jump":1312,"minecraft:walk_on_water_one_cm":2793,"minecraft:total_world_time":85288,"minecraft:interact_with_furnace":5,"minecraft:sleep_in_bed":1,"minecraft:time_since_rest":5342,"minecraft:damage_taken":6030,"minecraft:damage_dealt":1886,"minecraft:swim_one_cm":38,"minecraft:fly_one_cm":201437,"minecraft:player_kills":1,"minecraft:open_chest":20,"minecraft:crouch_one_cm":5528,"minecraft:fall_one_cm":51542},"minecraft:mined":{"minecraft:white_bed":1,"gravestone:gravestone":16,"minecraft:grass_block":2,"minecraft:hay_block":1,"minecraft:iron_ore":25,"minecraft:andesite":2,"minecraft:deepslate_iron_ore":1,"minecraft:stone":28,"jeg:scrap_ore":9,"minecraft:torch":3,"minecraft:cobblestone":1,"minecraft:copper_ore":33,"minecraft:tall_grass":1,"minecraft:deepslate_gold_ore":1,"minecraft:oak_planks":1,"minecraft:wall_torch":3,"jeg:scrap_workbench":1,"minecraft:grass":8,"minecraft:coal_ore":9,"minecraft:dirt":1},"minecraft:dropped":{"minecraft:iron_ingot":6,"minecraft:glow_ink_sac":5,"minecraft:diamond":4,"jeg:scrap_block":2,"jeg:scrap":3,"minecraft:flint":3,"jeg:shotgun_shell":16,"gravestone:obituary":28,"jeg:waterpipe_shotgun":2,"jeg:tech_trash":5,"minecraft:bone":9,"minecraft:rotten_flesh":13,"minecraft:gunpowder":1,"jeg:holy_shotgun":3,"minecraft:iron_chestplate":1,"minecraft:andesite":2,"jeg:combat_rifle":1},"minecraft:crafted":{"minecraft:furnace":1,"minecraft:chest":1,"minecraft:crafting_table":1,"jeg:scrap_block":2,"minecraft:stick":4,"minecraft:torch":20},"minecraft:picked_up":{"jeg:makeshift_stock":2,"spore:mutated_heart":1,"minecraft:iron_chestplate":1,"minecraft:chicken":1,"jeg:silencer":2,"jeg:scrap_workbench":2,"gravestone:obituary":12,"jeg:weighted_stock":2,"jeg:burst_rifle":1,"jeg:angled_grip":1,"minecraft:raw_copper":114,"minecraft:iron_leggings":1,"jeg:revolver":1,"jeg:stun_grenade":2,"jeg:light_stock":2,"jeg:blossom_rifle":1,"minecraft:iron_boots":1,"jeg:semi_auto_rifle":1,"minecraft:raw_iron":26,"minecraft:stick":1,"minecraft:torch":4,"jeg:bolt_action_rifle":1,"jeg:vertical_grip":2,"jeg:tactical_stock":2,"minecraft:arrow":4,"minecraft:stone_sword":1,"minecraft:rotten_flesh":11,"jeg:waterpipe_shotgun":3,"jeg:holographic_sight":2,"minecraft:hay_block":1,"jeg:rifle_ammo":642,"spore:tendons":3,"minecraft:cobblestone":41,"spore:altered_spleen":1,"minecraft:feather":1,"minecraft:cooked_beef":13,"minecraft:glow_ink_sac":5,"minecraft:andesite":2,"jeg:light_grip":2,"jeg:scrap":27,"minecraft:yellow_bed":1,"minecraft:gunpowder":3,"minecraft:dirt":9,"jeg:combat_rifle":2,"jeg:grenade":4,"minecraft:cooked_mutton":3,"jeg:molotov_cocktail":1,"minecraft:bone":6,"minecraft:wheat_seeds":2,"jeg:shotgun_shell":20,"minecraft:raw_gold":1,"jeg:atlantean_spear":1,"minecraft:iron_ingot":3,"minecraft:stone_pickaxe":1,"spore:mutated_fiber":42,"jeg:double_barrel_shotgun":1,"minecraft:oak_planks":25,"jeg:tech_trash":5,"jeg:assault_rifle":1,"spore:cerebrum":1,"minecraft:cooked_porkchop":1,"spore:armor_fragment":12,"jeg:drum_mag":2,"minecraft:dandelion":1,"minecraft:gravel":2,"jeg:pump_shotgun":1,"jeg:water_bomb":2,"jeg:telescopic_sight":3,"minecraft:white_bed":1,"jeg:handmade_shell":19,"spore:claw_fragment":9,"minecraft:diamond":4,"minecraft:stone_axe":1,"jeg:custom_smg":1,"jeg:holy_shotgun":4,"minecraft:iron_helmet":1,"jeg:extended_mag":2,"minecraft:bread":18,"minecraft:coal":22},"minecraft:killed_by":{"spore:inf_drowned":1,"minecraft:player":1,"minecraft:creeper":1,"spore:inf_human":3,"spore:inf_pillager":3,"spore:inf_player":4,"spore:inf_villager":1,"minecraft:skeleton":1,"minecraft:zombie":1}},"DataVersion":3465}