{"stats":{"minecraft:killed":{"spore:inf_human":1},"minecraft:used":{"minecraft:stone_sword":5,"minecraft:cobblestone":5,"minecraft:bread":1,"minecraft:stone_pickaxe":19,"minecraft:cooked_beef":1,"minecraft:torch":2},"minecraft:custom":{"minecraft:time_since_rest":4771,"minecraft:open_chest":4,"minecraft:crouch_one_cm":784,"minecraft:walk_one_cm":9507,"minecraft:play_time":7762,"minecraft:sprint_one_cm":24215,"minecraft:damage_taken":690,"minecraft:deaths":2,"minecraft:bell_ring":6,"minecraft:sneak_time":257,"minecraft:mob_kills":1,"minecraft:jump":215,"minecraft:damage_dealt":160,"minecraft:time_since_death":6583,"minecraft:sleep_in_bed":1,"minecraft:total_world_time":7762,"minecraft:interact_with_crafting_table":3,"minecraft:fall_one_cm":6914,"minecraft:fly_one_cm":51576},"minecraft:mined":{"gravestone:gravestone":1,"minecraft:grass":4,"minecraft:andesite":1,"minecraft:stone":18},"minecraft:crafted":{"minecraft:torch":4},"minecraft:picked_up":{"minecraft:stone_sword":1,"minecraft:stick":1,"spore:cerebrum":1,"minecraft:cooked_beef":13,"minecraft:arrow":2,"minecraft:andesite":1,"minecraft:stone_axe":1,"minecraft:stone_pickaxe":1,"gravestone:obituary":1,"spore:mutated_fiber":8,"minecraft:gunpowder":1,"minecraft:oak_planks":24,"minecraft:coal":13,"minecraft:cobblestone":32,"minecraft:bone":1},"minecraft:killed_by":{"minecraft:creeper":1,"spore:inf_human":1}},"DataVersion":3465}