{"stats":{"minecraft:crafted":{"minecraft:grindstone":1,"minecraft:oak_planks":20,"minecraft:cooked_chicken":1,"minecraft:stone":3,"minecraft:diamond_shovel":1,"minecraft:suspicious_stew":7,"minecraft:glass":12,"minecraft:bow":1,"minecraft:diamond_leggings":1,"minecraft:iron_boots":1,"tconstruct:seared_brick":48,"minecraft:chest":17,"minecraft:oak_slab":9,"minecraft:cooked_porkchop":28,"minecraft:diamond_axe":1,"minecraft:crafting_table":11,"minecraft:spruce_planks":16,"travelersbackpack:standard":1,"minecraft:iron_helmet":1,"minecraft:wooden_pickaxe":1,"minecraft:apple":48,"minecraft:diamond_pickaxe":1,"minecraft:shield":2,"minecraft:stick":164,"minecraft:stone_slab":6,"minecraft:iron_ingot":29,"minecraft:iron_pickaxe":1,"minecraft:iron_block":5,"minecraft:stone_sword":1,"minecraft:gold_ingot":6,"minecraft:composter":1,"minecraft:shears":1,"minecraft:golden_carrot":108,"minecraft:cookie":8,"minecraft:furnace":10,"minecraft:diamond":18,"minecraft:iron_axe":1,"minecraft:slime_ball":20,"minecraft:stone_pickaxe":1,"regions_unexplored:pine_slab":12,"tconstruct:earth_congealed_slime":90,"minecraft:dark_oak_planks":24,"minecraft:wheat":486,"minecraft:cooked_beef":9,"paraglider:paraglider":2,"tconstruct:skyroot_planks":92,"minecraft:diamond_sword":3,"elevatorid:elevator_white":2,"minecraft:iron_sword":3,"minecraft:stone_axe":1,"minecraft:enchanted_book":8,"minecraft:bread":205,"minecraft:air":0,"travelersbackpack:squid":1,"tconstruct:earth_slime_sling":3,"regions_unexplored:pine_planks":220,"minecraft:iron_leggings":1,"minecraft:anvil":1,"minecraft:torch":208,"tconstruct:grout":88,"minecraft:diamond_chestplate":1},"minecraft:broken":{"minecraft:iron_boots":1,"minecraft:iron_chestplate":1,"minecraft:iron_leggings":1,"minecraft:chainmail_boots":1,"minecraft:iron_sword":1,"tconstruct:earth_slime_sling":1,"minecraft:stone_sword":1,"minecraft:chainmail_helmet":1,"minecraft:wooden_pickaxe":1,"minecraft:iron_axe":1,"minecraft:iron_helmet":1},"minecraft:picked_up":{"minecraft:iron_chestplate":2,"minecraft:wheat":4,"minecraft:chainmail_boots":1,"minecraft:stone_slab":2,"minecraft:diamond_sword":7,"minecraft:enchanted_book":4,"minecraft:nether_brick":277,"minecraft:stone_brick_stairs":1,"minecraft:brewing_stand":2,"bloodandmadness:weapons/hunting_axe":1,"minecraft:golden_sword":2,"regions_unexplored:pine_slab":5,"minecraft:string":143,"regions_unexplored:prismarite_cluster":14,"tconstruct:earth_slime_dirt":74,"minecraft:cooked_salmon":24,"regions_unexplored:stripped_pine_log":6,"regions_unexplored:pine_log":49,"minecraft:cobbled_deepslate":200,"minecraft:bucket":1,"minecraft:spruce_planks":9,"minecraft:rose_bush":2,"minecraft:smooth_quartz":24,"minecraft:coal_block":10,"bloodandmadness:pure_quicksilver":3,"minecraft:furnace":7,"minecraft:golden_helmet":1,"minecraft:stick":6,"minecraft:jukebox":2,"minecraft:composter":12,"minecraft:torch":103,"paraglider:kakariko_goddess_statue":1,"iceandfire:silver_ore":1,"tconstruct:skyroot_planks":4,"minecraft:golden_axe":1,"minecraft:diorite":5,"minecraft:music_disc_pigstep":2,"travelersbackpack:iron":2,"minecraft:rotten_flesh":15,"minecraft:iron_block":5,"minecraft:cyan_terracotta":6,"minecraft:bookshelf":1,"bloodandmadness:siderite_nugget":2,"bloodandmadness:blood_stone_shard":7,"minecraft:iron_bars":1,"minecraft:cobblestone":332,"minecraft:enchanting_table":4,"minecraft:feather":2,"minecraft:magma_cream":7,"minecraft:golden_leggings":1,"minecraft:chiseled_quartz_block":1,"paraglider:spirit_orb":104,"minecraft:flint":20,"minecraft:wither_skeleton_skull":2,"minecraft:lapis_lazuli":45,"minecraft:magenta_terracotta":18,"minecraft:dirt":2,"minecraft:twisting_vines":1,"minecraft:bone":89,"minecraft:chipped_anvil":1,"minecraft:acacia_planks":1,"minecraft:bow":1,"minecraft:wheat_seeds":6,"minecraft:cobbled_deepslate_slab":8,"regions_unexplored:red_cherry_sapling":1,"tconstruct:sky_slime_sapling":3,"minecraft:oak_planks":1,"minecraft:honeycomb":8,"tconstruct:necrotic_bone":37,"travelersbackpack:squid":3,"minecraft:cooked_porkchop":18,"tconstruct:excavator":1,"minecraft:music_disc_13":3,"regions_unexplored:pine_sapling":11,"regions_unexplored:pine_planks":117,"iceandfire:pixie_house_birch":1,"minecraft:sand":53,"minecraft:barrel":1,"minecraft:mossy_cobblestone":52,"minecraft:dark_prismarine":6,"bloodandmadness:bullets/quicksilver_bullet":2,"minecraft:light_gray_concrete":12,"minecraft:diamond":3,"minecraft:deepslate":74,"minecraft:cracked_polished_blackstone_bricks":7,"minecraft:crossbow":1,"minecraft:granite":2,"iceandfire:dragonbone_bow":1,"minecraft:emerald":15,"minecraft:bread":43,"minecraft:netherrack":215,"minecraft:bricks":6,"regions_unexplored:cherry_log":4,"minecraft:charcoal":3,"minecraft:crafting_table":11,"minecraft:chicken":2,"iceandfire:witherbone":17,"bloodandmadness:twin_blood_stone_shards":5,"minecraft:ladder":1,"minecraft:clay_ball":44,"tconstruct:skyroot_log":23,"minecraft:gold_block":33,"gravestone:obituary":1,"minecraft:shield":1,"minecraft:cornflower":1,"minecraft:iron_axe":3,"minecraft:blackstone":2,"minecraft:cyan_carpet":20,"minecraft:blue_orchid":1,"bloodandmadness:blood_vial":17,"minecraft:music_disc_otherside":1,"minecraft:beef":18,"minecraft:player_head":3,"minecraft:lectern":47,"minecraft:chest":4,"minecraft:birch_sapling":1,"minecraft:phantom_membrane":1,"bloodandmadness:weapons/lit_torch":1,"minecraft:raw_iron":38,"tconstruct:raw_cobalt":3,"minecraft:stone":34,"minecraft:spruce_fence":11,"minecraft:polished_blackstone_bricks":14,"minecraft:redstone":6,"bloodandmadness:beastblood_clump":5,"minecraft:purple_terracotta":13,"minecraft:dark_oak_planks":5,"sons_of_sins:rotten_apple":10,"tconstruct:sky_slime_ball":89,"minecraft:arrow":100,"minecraft:cooked_cod":4,"minecraft:hay_block":56,"bloodandmadness:sanguisteel_nugget":3,"minecraft:yellow_terracotta":3,"bloodandmadness:weapons/cutlass":1,"minecraft:totem_of_undying":2,"minecraft:brick_stairs":1,"minecraft:mutton":6,"minecraft:skeleton_skull":2,"minecraft:white_wool":3,"minecraft:basalt":1,"minecraft:golden_carrot":8,"minecraft:leather":25,"minecraft:gunpowder":6,"minecraft:blue_bed":1,"minecraft:cooked_mutton":3,"minecraft:stone_bricks":2,"tconstruct:sledge_hammer":2,"tconstruct:sky_slime_grass_seeds":1,"minecraft:iron_ingot":13,"minecraft:stripped_oak_wood":5,"minecraft:soul_sand":343,"minecraft:book":18,"elevatorid:elevator_white":2,"minecraft:sweet_berries":25,"minecraft:quartz":28,"minecraft:gravel":291,"minecraft:spruce_log":2,"minecraft:spider_eye":23,"travelersbackpack:standard":4,"iceandfire:pixie_house_spruce":1,"minecraft:slime_ball":355,"minecraft:stone_axe":1,"minecraft:chainmail_leggings":1,"minecraft:baked_potato":4,"minecraft:damaged_anvil":2,"minecraft:dark_oak_wood":4,"minecraft:coal":267,"minecraft:hopper":18,"minecraft:ender_pearl":1},"minecraft:killed_by":{"minecraft:wither_skeleton":1,"minecraft:cave_spider":1,"minecraft:spider":1,"minecraft:skeleton":2,"bloodandmadness:brainsucker":1},"minecraft:killed":{"tconstruct:earth_slime":14,"minecraft:cave_spider":56,"bloodandmadness:church_doctor_flamesprayer":1,"minecraft:spider":87,"minecraft:skeleton":134,"bloodandmadness:beast_patient":4,"minecraft:chicken":2,"minecraft:piglin_brute":10,"minecraft:magma_cube":134,"minecraft:piglin":24,"minecraft:zombie_villager":1,"minecraft:sheep":2,"minecraft:pillager":4,"minecraft:goat":1,"minecraft:zombie":5,"minecraft:cow":9,"minecraft:evoker":2,"bloodandmadness:cloaked_beast_patient":8,"minecraft:vindicator":17,"minecraft:phantom":3,"bloodandmadness:celestial_emissary":1,"bloodandmadness:brainsucker":5,"bloodandmadness:huntsman_cutlass":3,"bloodandmadness:huntsman_axe":2,"bloodandmadness:church_doctor_lantern":3,"bloodandmadness:church_doctor_pistol":2,"minecraft:hoglin":5,"minecraft:wither_skeleton":50,"minecraft:enderman":1},"minecraft:mined":{"minecraft:dark_oak_planks":5,"minecraft:spruce_planks":8,"minecraft:brewing_stand":2,"tconstruct:earth_slime_tall_grass":1,"minecraft:cracked_polished_blackstone_bricks":7,"minecraft:coal_block":9,"minecraft:composter":12,"minecraft:hopper":9,"minecraft:spawner":48,"minecraft:polished_blackstone_bricks":17,"minecraft:iron_ore":32,"minecraft:barrel":1,"minecraft:fire":1,"minecraft:cobbled_deepslate":20,"tconstruct:cobalt_ore":3,"minecraft:pumpkin":1,"minecraft:enchanting_table":4,"regions_unexplored:pine_leaves":7,"minecraft:iron_bars":1,"minecraft:light_gray_concrete":16,"iceandfire:pixie_house_spruce":1,"minecraft:blue_orchid":1,"regions_unexplored:prismoss":1,"minecraft:player_head":2,"minecraft:tripwire":2,"minecraft:cyan_terracotta":6,"minecraft:blackstone":2,"minecraft:chiseled_quartz_block":1,"minecraft:torch":47,"minecraft:chest":4,"minecraft:nether_quartz_ore":33,"minecraft:cobblestone":76,"minecraft:oak_planks":1,"minecraft:damaged_anvil":2,"minecraft:bricks":6,"minecraft:wall_torch":9,"regions_unexplored:pine_log":46,"minecraft:tinted_glass":1,"paraglider:kakariko_goddess_statue":1,"minecraft:jukebox":2,"minecraft:stripped_oak_wood":5,"minecraft:smooth_stone_slab":1,"minecraft:stone_brick_stairs":1,"minecraft:grass":6,"regions_unexplored:red_cherry_leaves":2,"minecraft:smooth_quartz":12,"minecraft:dirt":2,"minecraft:sandstone_wall":3,"regions_unexplored:stripped_pine_log":8,"minecraft:netherrack":223,"minecraft:deepslate":185,"minecraft:yellow_terracotta":3,"minecraft:dark_prismarine":6,"minecraft:tuff":25,"iceandfire:silver_ore":1,"iceandfire:pixie_house_birch":1,"minecraft:cobbled_deepslate_slab":2,"minecraft:ladder":1,"gravestone:gravestone":6,"minecraft:purple_terracotta":14,"minecraft:spruce_fence":10,"minecraft:brick_stairs":1,"minecraft:redstone_wire":1,"regions_unexplored:pine_planks":22,"minecraft:hay_block":59,"minecraft:furnace":8,"regions_unexplored:tall_forest_fern":2,"regions_unexplored:forest_fern":3,"minecraft:gold_block":35,"minecraft:bookshelf":6,"minecraft:deepslate_iron_ore":3,"regions_unexplored:medium_grass":8,"minecraft:stone":214,"tconstruct:earth_congealed_slime":90,"minecraft:soul_sand":343,"minecraft:basalt":2,"sons_of_sins:sin_apple":10,"travelersbackpack:standard":3,"minecraft:crafting_table":11,"minecraft:cornflower":1,"minecraft:emerald_ore":1,"minecraft:rose_bush":1,"minecraft:andesite_slab":1,"minecraft:lectern":47,"minecraft:tall_grass":5,"minecraft:stone_slab":2,"regions_unexplored:prismarite_cluster":14,"minecraft:blue_bed":1,"travelersbackpack:squid":2,"minecraft:magenta_terracotta":18,"minecraft:sweet_berry_bush":5,"minecraft:spruce_log":2,"minecraft:birch_leaves":7,"tconstruct:skyroot_log":27,"regions_unexplored:pine_log_transition":3,"elevatorid:elevator_white":2,"minecraft:coal_ore":5,"minecraft:cyan_carpet":4,"minecraft:gravel":89,"minecraft:cobweb":29,"minecraft:acacia_planks":1,"minecraft:stone_bricks":1,"tconstruct:blood_slime_tall_grass":3,"minecraft:chipped_anvil":1},"minecraft:custom":{"minecraft:interact_with_crafting_table":104,"minecraft:open_barrel":37,"minecraft:leave_game":7,"minecraft:time_since_death":517153,"minecraft:sprint_one_cm":1009759,"minecraft:damage_blocked_by_shield":2005,"minecraft:drop":247,"minecraft:talked_to_villager":80,"minecraft:play_time":652566,"minecraft:deaths":6,"minecraft:jump":8307,"minecraft:interact_with_brewingstand":1,"minecraft:walk_on_water_one_cm":55868,"minecraft:enchant_item":13,"minecraft:interact_with_furnace":98,"minecraft:play_record":6,"minecraft:traded_with_villager":81,"minecraft:sleep_in_bed":10,"minecraft:damage_dealt":125599,"minecraft:crouch_one_cm":161089,"minecraft:interact_with_smithing_table":9,"minecraft:interact_with_anvil":34,"minecraft:mob_kills":614,"minecraft:inspect_hopper":4,"minecraft:interact_with_campfire":28,"minecraft:damage_dealt_resisted":12789,"minecraft:climb_one_cm":49321,"minecraft:walk_one_cm":1168656,"minecraft:sneak_time":58280,"minecraft:walk_under_water_one_cm":16913,"minecraft:total_world_time":652566,"minecraft:tune_noteblock":15,"minecraft:interact_with_grindstone":9,"minecraft:time_since_rest":194067,"minecraft:damage_taken":30065,"minecraft:damage_absorbed":120,"minecraft:swim_one_cm":86729,"minecraft:fly_one_cm":3845971,"minecraft:open_chest":607,"minecraft:fall_one_cm":206923},"minecraft:dropped":{"minecraft:soul_sand":342,"bloodandmadness:blood_vial":3,"minecraft:cooked_porkchop":13,"minecraft:cookie":144,"minecraft:leather":8,"bloodandmadness:beastblood_clump":2,"travelersbackpack:standard":2,"minecraft:cod":11,"paraglider:spirit_orb":166,"minecraft:flint":8,"minecraft:cyan_terracotta":4,"minecraft:dirt":2,"minecraft:redstone_lamp":6,"tconstruct:materials_and_you":1,"minecraft:cornflower":1,"minecraft:dark_oak_wood":1,"minecraft:cooked_cod":1,"bloodandmadness:siderite_nugget":1,"minecraft:chain":5,"gravestone:obituary":8,"minecraft:sand":6,"minecraft:polished_blackstone_bricks":2,"minecraft:iron_pickaxe":1,"paraglider:paraglider":1,"minecraft:dark_oak_planks":1,"minecraft:bone":4,"minecraft:stone_axe":2,"minecraft:birch_sapling":1,"minecraft:cobbled_deepslate":2,"bloodandmadness:weapons/cutlass":1,"minecraft:wheat":3,"minecraft:obsidian":16,"tconstruct:sky_slime_sapling":3,"minecraft:rotten_flesh":3,"minecraft:oak_planks":1,"tconstruct:grout":2,"travelersbackpack:iron":1,"minecraft:chainmail_chestplate":1,"minecraft:poppy":1,"tconstruct:sledge_hammer":1,"minecraft:gunpowder":6,"minecraft:chainmail_boots":2,"minecraft:ladder":1,"minecraft:basalt":1,"minecraft:iron_bars":1,"minecraft:arrow":5,"minecraft:beef":1,"minecraft:stone_brick_stairs":1,"minecraft:enchanted_book":1,"minecraft:iron_ingot":8,"minecraft:bread":31,"tconstruct:skyroot_planks":4,"minecraft:purple_terracotta":13,"minecraft:wheat_seeds":1,"minecraft:golden_helmet":1,"minecraft:bookshelf":1,"minecraft:yellow_terracotta":3,"minecraft:feather":1,"minecraft:cobblestone":48,"minecraft:book":9,"bloodandmadness:pure_quicksilver":1,"bloodandmadness:twin_blood_stone_shards":2,"minecraft:granite":2,"regions_unexplored:pine_sapling":8,"regions_unexplored:red_cherry_sapling":1,"minecraft:coal":94,"minecraft:golden_apple":7,"minecraft:stick":22,"minecraft:diorite":5,"tconstruct:necrotic_bone":1,"regions_unexplored:cherry_log":4,"minecraft:smooth_quartz":2,"minecraft:rose_bush":2,"tconstruct:sky_slime_grass_seeds":1,"minecraft:cooked_salmon":8,"tconstruct:raw_cobalt":3,"minecraft:iron_axe":3,"tconstruct:sky_earth_slime_grass":1,"minecraft:chainmail_leggings":2,"minecraft:string":51,"regions_unexplored:pine_slab":12,"minecraft:furnace":6,"regions_unexplored:pine_planks":47,"minecraft:deepslate":1,"iceandfire:witherbone":1,"tconstruct:earth_slime_dirt":1,"iceandfire:silver_ore":1,"minecraft:stone_slab":2,"minecraft:light_gray_concrete":6,"minecraft:spruce_fence":4,"minecraft:shears":1,"minecraft:suspicious_stew":7,"minecraft:diamond_sword":2,"tconstruct:earth_slime_sling":1,"minecraft:stone":3,"minecraft:shield":1,"bloodandmadness:sanguisteel_nugget":2,"minecraft:spruce_planks":4,"minecraft:iron_chestplate":1,"minecraft:golden_leggings":1,"iceandfire:dragonbone_bow":1,"tconstruct:seared_brick":48,"minecraft:spider_eye":7,"minecraft:stone_bricks":1,"minecraft:blue_orchid":1,"bloodandmadness:blood_stone_shard":1,"minecraft:stone_pickaxe":1,"minecraft:magma_cream":19,"minecraft:dark_prismarine":2,"minecraft:magenta_terracotta":18},"minecraft:used":{"regions_unexplored:pine_planks":144,"minecraft:black_carpet":10,"minecraft:chest":17,"minecraft:shield":45,"minecraft:iron_sword":245,"minecraft:stone":4,"minecraft:player_head":2,"minecraft:iron_chestplate":1,"minecraft:soul_sand":1,"tconstruct:sledge_hammer":3,"travelersbackpack:iron":5,"minecraft:music_disc_13":3,"minecraft:bricks":4,"minecraft:music_disc_pigstep":2,"bloodandmadness:weapons/lit_torch":2,"minecraft:dark_oak_wood":1,"minecraft:stone_bricks":1,"minecraft:bow":254,"minecraft:sweet_berries":26,"minecraft:furnace":9,"minecraft:cooked_cod":3,"minecraft:gold_block":1,"minecraft:damaged_anvil":2,"minecraft:oak_planks":5,"minecraft:stone_pickaxe":103,"minecraft:wooden_pickaxe":59,"minecraft:blue_bed":1,"minecraft:diamond_axe":37,"minecraft:composter":13,"elevatorid:elevator_white":7,"minecraft:golden_apple":1,"minecraft:redstone_torch":7,"minecraft:light_gray_concrete":4,"minecraft:bread":302,"minecraft:cyan_carpet":20,"minecraft:lectern":48,"paraglider:kakariko_goddess_statue":1,"minecraft:deepslate":134,"minecraft:diamond_sword":1640,"minecraft:grindstone":1,"tconstruct:earth_slime_dirt":85,"minecraft:experience_bottle":190,"minecraft:music_disc_otherside":1,"minecraft:stone_sword":131,"minecraft:tinted_glass":27,"minecraft:cooked_salmon":16,"minecraft:netherrack":213,"minecraft:torch":281,"minecraft:anvil":1,"minecraft:hopper":18,"minecraft:spruce_fence":3,"paraglider:horned_statue":1,"minecraft:dark_oak_planks":1,"minecraft:chipped_anvil":1,"minecraft:iron_axe":211,"minecraft:brick_stairs":1,"travelersbackpack:squid":20,"minecraft:smooth_quartz":3,"minecraft:totem_of_undying":1,"minecraft:golden_carrot":45,"minecraft:cooked_beef":44,"minecraft:cobbled_deepslate":79,"minecraft:cooked_mutton":3,"minecraft:water_bucket":62,"minecraft:polished_blackstone_bricks":12,"minecraft:mossy_cobblestone":5,"minecraft:crafting_table":19,"minecraft:cod":5,"minecraft:dark_prismarine":2,"minecraft:diamond_pickaxe":426,"minecraft:diamond_shovel":336,"minecraft:iron_pickaxe":50,"tconstruct:sky_earth_slime_grass":1,"minecraft:stone_axe":67,"travelersbackpack:standard":15,"minecraft:cobblestone":175,"minecraft:cobbled_deepslate_slab":2,"minecraft:cooked_porkchop":28,"minecraft:bucket":70,"minecraft:jukebox":2}},"DataVersion":2975}