{"stats":{"minecraft:crafted":{"minecraft:cooked_chicken":1,"minecraft:bow":1,"minecraft:iron_boots":1,"minecraft:iron_axe":1,"minecraft:stone_pickaxe":1,"minecraft:wheat":153,"minecraft:cooked_beef":9,"minecraft:cooked_porkchop":28,"minecraft:crafting_table":6,"minecraft:spruce_planks":8,"minecraft:wooden_pickaxe":1,"minecraft:iron_helmet":1,"minecraft:iron_sword":1,"minecraft:stone_axe":1,"minecraft:bread":40,"minecraft:air":0,"regions_unexplored:pine_planks":148,"minecraft:shield":2,"minecraft:stick":72,"minecraft:iron_pickaxe":1,"minecraft:iron_ingot":29,"minecraft:stone_sword":1,"minecraft:iron_leggings":1,"minecraft:torch":148},"minecraft:used":{"regions_unexplored:pine_planks":46,"minecraft:stone_sword":131,"minecraft:shield":26,"minecraft:iron_sword":245,"minecraft:cooked_salmon":16,"minecraft:iron_chestplate":1,"minecraft:torch":137,"minecraft:music_disc_13":1,"minecraft:spruce_fence":3,"minecraft:bricks":4,"minecraft:iron_axe":70,"minecraft:brick_stairs":1,"travelersbackpack:squid":4,"minecraft:dark_oak_wood":1,"minecraft:smooth_quartz":3,"minecraft:bow":70,"minecraft:sweet_berries":26,"minecraft:furnace":4,"minecraft:cooked_cod":3,"minecraft:cooked_beef":29,"minecraft:cooked_mutton":3,"minecraft:water_bucket":6,"minecraft:stone_pickaxe":103,"minecraft:wooden_pickaxe":59,"minecraft:blue_bed":1,"minecraft:crafting_table":11,"minecraft:cod":5,"minecraft:redstone_torch":7,"minecraft:bread":79,"minecraft:iron_pickaxe":21,"minecraft:cyan_carpet":20,"minecraft:stone_axe":67,"minecraft:diamond_sword":730,"minecraft:cobblestone":84,"minecraft:cooked_porkchop":28,"minecraft:bucket":6},"minecraft:killed_by":{"minecraft:wither_skeleton":1,"minecraft:spider":1,"minecraft:cave_spider":1,"minecraft:skeleton":2,"bloodandmadness:brainsucker":1},"minecraft:killed":{"minecraft:cave_spider":46,"bloodandmadness:cloaked_beast_patient":2,"minecraft:spider":50,"bloodandmadness:celestial_emissary":1,"minecraft:skeleton":49,"bloodandmadness:brainsucker":1,"minecraft:chicken":2,"bloodandmadness:church_doctor_pistol":1,"minecraft:sheep":2,"minecraft:zombie":2,"minecraft:wither_skeleton":35,"minecraft:cow":4},"minecraft:custom":{"minecraft:mob_kills":206,"minecraft:interact_with_crafting_table":33,"minecraft:open_barrel":4,"minecraft:interact_with_campfire":28,"minecraft:damage_dealt_resisted":9853,"minecraft:leave_game":2,"minecraft:time_since_death":19537,"minecraft:climb_one_cm":27168,"minecraft:sprint_one_cm":306022,"minecraft:walk_one_cm":351306,"minecraft:damage_blocked_by_shield":1200,"minecraft:drop":57,"minecraft:talked_to_villager":1,"minecraft:play_time":154950,"minecraft:deaths":6,"minecraft:sneak_time":14589,"minecraft:walk_under_water_one_cm":588,"minecraft:jump":2370,"minecraft:walk_on_water_one_cm":611,"minecraft:total_world_time":154950,"minecraft:interact_with_furnace":27,"minecraft:play_record":1,"minecraft:tune_noteblock":14,"minecraft:sleep_in_bed":2,"minecraft:time_since_rest":19578,"minecraft:damage_taken":11928,"minecraft:damage_dealt":59589,"minecraft:swim_one_cm":2031,"minecraft:fly_one_cm":298679,"minecraft:open_chest":46,"minecraft:crouch_one_cm":24912,"minecraft:fall_one_cm":40816},"minecraft:picked_up":{"minecraft:crafting_table":5,"minecraft:charcoal":3,"minecraft:iron_chestplate":2,"minecraft:wheat":2,"minecraft:chainmail_boots":1,"minecraft:chicken":2,"iceandfire:witherbone":15,"minecraft:stone_slab":2,"minecraft:diamond_sword":3,"gravestone:obituary":1,"minecraft:cornflower":1,"minecraft:string":101,"minecraft:cooked_salmon":24,"minecraft:cyan_carpet":20,"minecraft:blue_orchid":1,"bloodandmadness:blood_vial":1,"regions_unexplored:stripped_pine_log":6,"regions_unexplored:pine_log":31,"minecraft:beef":9,"minecraft:rose_bush":1,"minecraft:smooth_quartz":16,"minecraft:furnace":6,"minecraft:stick":4,"minecraft:raw_iron":35,"minecraft:torch":5,"minecraft:spruce_fence":8,"minecraft:redstone":1,"minecraft:dark_oak_planks":3,"minecraft:arrow":61,"minecraft:rotten_flesh":2,"minecraft:cooked_cod":4,"minecraft:hay_block":17,"minecraft:brick_stairs":1,"minecraft:mutton":3,"bloodandmadness:blood_stone_shard":3,"minecraft:white_wool":3,"minecraft:cobblestone":164,"minecraft:feather":2,"minecraft:golden_carrot":8,"minecraft:leather":7,"minecraft:chiseled_quartz_block":1,"paraglider:spirit_orb":8,"minecraft:wither_skeleton_skull":1,"minecraft:blue_bed":1,"minecraft:cooked_mutton":3,"minecraft:bone":61,"minecraft:iron_ingot":8,"tconstruct:necrotic_bone":31,"minecraft:cooked_porkchop":13,"travelersbackpack:squid":1,"minecraft:music_disc_13":1,"minecraft:sweet_berries":25,"regions_unexplored:pine_sapling":7,"regions_unexplored:pine_planks":7,"minecraft:spider_eye":14,"bloodandmadness:bullets/quicksilver_bullet":2,"minecraft:light_gray_concrete":2,"minecraft:stone_axe":1,"minecraft:chainmail_leggings":1,"minecraft:bread":43,"minecraft:dark_oak_wood":2,"minecraft:bricks":4,"minecraft:coal":110},"minecraft:mined":{"minecraft:dark_oak_planks":3,"gravestone:gravestone":6,"minecraft:spruce_fence":6,"minecraft:brick_stairs":1,"minecraft:redstone_wire":1,"regions_unexplored:pine_planks":11,"minecraft:spawner":2,"minecraft:hay_block":20,"minecraft:furnace":7,"minecraft:iron_ore":32,"minecraft:pumpkin":1,"regions_unexplored:forest_fern":1,"regions_unexplored:pine_leaves":7,"minecraft:light_gray_concrete":3,"regions_unexplored:medium_grass":2,"minecraft:stone":87,"minecraft:blue_orchid":1,"minecraft:tripwire":2,"minecraft:cornflower":1,"minecraft:chiseled_quartz_block":1,"minecraft:crafting_table":5,"minecraft:torch":3,"minecraft:stone_slab":2,"minecraft:tall_grass":5,"minecraft:cobblestone":31,"minecraft:bricks":4,"minecraft:blue_bed":1,"regions_unexplored:pine_log":29,"minecraft:sweet_berry_bush":5,"regions_unexplored:pine_log_transition":2,"minecraft:grass":1,"minecraft:coal_ore":4,"minecraft:cyan_carpet":4,"minecraft:smooth_quartz":4,"minecraft:sandstone_wall":3,"minecraft:cobweb":26,"regions_unexplored:stripped_pine_log":6},"minecraft:broken":{"minecraft:stone_sword":1,"minecraft:iron_boots":1,"minecraft:iron_chestplate":1,"minecraft:iron_leggings":1,"minecraft:wooden_pickaxe":1,"minecraft:iron_sword":1,"minecraft:iron_helmet":1},"minecraft:dropped":{"minecraft:iron_ingot":8,"minecraft:bread":3,"minecraft:cooked_porkchop":13,"minecraft:cobblestone":46,"minecraft:feather":1,"regions_unexplored:pine_sapling":6,"minecraft:cod":11,"minecraft:stick":21,"minecraft:redstone_lamp":6,"tconstruct:materials_and_you":1,"tconstruct:necrotic_bone":1,"minecraft:cornflower":1,"minecraft:dark_oak_wood":1,"minecraft:cooked_cod":1,"minecraft:rose_bush":1,"minecraft:cooked_salmon":8,"gravestone:obituary":8,"minecraft:chainmail_leggings":1,"minecraft:stone_axe":2,"regions_unexplored:pine_planks":1,"minecraft:wheat":2,"iceandfire:witherbone":1,"minecraft:rotten_flesh":1,"minecraft:stone_slab":2,"minecraft:spruce_fence":1,"minecraft:poppy":1,"minecraft:shield":1,"minecraft:iron_chestplate":1,"minecraft:chainmail_boots":1,"minecraft:spider_eye":1,"minecraft:blue_orchid":1,"minecraft:stone_pickaxe":1}},"DataVersion":2975}