{"stats":{"minecraft:crafted":{"minecraft:grindstone":1,"minecraft:oak_planks":20,"minecraft:cooked_chicken":1,"minecraft:stone":3,"minecraft:suspicious_stew":7,"minecraft:glass":12,"minecraft:diamond_leggings":1,"minecraft:bow":1,"minecraft:iron_boots":1,"tconstruct:seared_brick":48,"minecraft:chest":10,"minecraft:oak_slab":9,"minecraft:cooked_porkchop":28,"minecraft:crafting_table":8,"travelersbackpack:standard":1,"minecraft:spruce_planks":8,"minecraft:wooden_pickaxe":1,"minecraft:iron_helmet":1,"minecraft:apple":48,"minecraft:diamond_pickaxe":1,"minecraft:shield":2,"minecraft:stick":160,"minecraft:stone_slab":6,"minecraft:iron_ingot":29,"minecraft:iron_pickaxe":1,"minecraft:iron_block":5,"minecraft:stone_sword":1,"minecraft:gold_ingot":6,"minecraft:composter":1,"minecraft:shears":1,"minecraft:golden_carrot":72,"minecraft:cookie":8,"minecraft:furnace":10,"minecraft:diamond":18,"minecraft:iron_axe":1,"minecraft:slime_ball":20,"minecraft:stone_pickaxe":1,"regions_unexplored:pine_slab":12,"tconstruct:earth_congealed_slime":90,"minecraft:dark_oak_planks":24,"minecraft:wheat":486,"minecraft:cooked_beef":9,"paraglider:paraglider":2,"tconstruct:skyroot_planks":92,"minecraft:diamond_sword":3,"minecraft:iron_sword":3,"minecraft:stone_axe":1,"minecraft:enchanted_book":8,"minecraft:air":0,"minecraft:bread":205,"travelersbackpack:squid":1,"tconstruct:earth_slime_sling":2,"regions_unexplored:pine_planks":184,"minecraft:iron_leggings":1,"minecraft:anvil":1,"minecraft:torch":208,"tconstruct:grout":88,"minecraft:diamond_chestplate":1},"minecraft:used":{"regions_unexplored:pine_planks":46,"minecraft:chest":11,"minecraft:shield":33,"minecraft:stone":1,"minecraft:iron_sword":245,"minecraft:player_head":1,"minecraft:iron_chestplate":1,"tconstruct:sledge_hammer":3,"minecraft:music_disc_13":3,"minecraft:bricks":4,"minecraft:music_disc_pigstep":2,"bloodandmadness:weapons/lit_torch":2,"minecraft:dark_oak_wood":1,"minecraft:stone_bricks":1,"minecraft:bow":89,"minecraft:sweet_berries":26,"minecraft:furnace":9,"minecraft:cooked_cod":3,"minecraft:damaged_anvil":2,"minecraft:oak_planks":5,"minecraft:stone_pickaxe":103,"minecraft:wooden_pickaxe":59,"minecraft:composter":13,"minecraft:blue_bed":1,"minecraft:golden_apple":1,"minecraft:redstone_torch":7,"minecraft:bread":220,"minecraft:cyan_carpet":20,"minecraft:lectern":48,"paraglider:kakariko_goddess_statue":1,"minecraft:diamond_sword":1276,"minecraft:grindstone":1,"tconstruct:earth_slime_dirt":85,"minecraft:experience_bottle":190,"minecraft:music_disc_otherside":1,"minecraft:stone_sword":131,"minecraft:cooked_salmon":16,"minecraft:torch":249,"minecraft:anvil":1,"minecraft:spruce_fence":3,"minecraft:dark_oak_planks":1,"paraglider:horned_statue":1,"minecraft:chipped_anvil":1,"minecraft:iron_axe":211,"minecraft:brick_stairs":1,"travelersbackpack:squid":9,"minecraft:smooth_quartz":3,"minecraft:totem_of_undying":1,"minecraft:golden_carrot":24,"minecraft:cooked_beef":44,"minecraft:cooked_mutton":3,"minecraft:water_bucket":49,"minecraft:crafting_table":13,"minecraft:cod":5,"minecraft:dark_prismarine":2,"minecraft:diamond_pickaxe":155,"minecraft:iron_pickaxe":50,"tconstruct:sky_earth_slime_grass":1,"minecraft:stone_axe":67,"minecraft:cobblestone":175,"travelersbackpack:standard":11,"minecraft:cooked_porkchop":28,"minecraft:bucket":57,"minecraft:jukebox":2},"minecraft:killed_by":{"minecraft:wither_skeleton":1,"minecraft:cave_spider":1,"minecraft:spider":1,"minecraft:skeleton":2,"bloodandmadness:brainsucker":1},"minecraft:killed":{"tconstruct:earth_slime":14,"minecraft:cave_spider":56,"bloodandmadness:church_doctor_flamesprayer":1,"minecraft:spider":87,"minecraft:skeleton":57,"bloodandmadness:beast_patient":3,"minecraft:chicken":2,"minecraft:zombie_villager":1,"minecraft:sheep":2,"minecraft:pillager":4,"minecraft:zombie":4,"minecraft:cow":9,"minecraft:evoker":1,"bloodandmadness:cloaked_beast_patient":8,"minecraft:vindicator":17,"bloodandmadness:celestial_emissary":1,"bloodandmadness:brainsucker":4,"bloodandmadness:huntsman_cutlass":1,"bloodandmadness:huntsman_axe":1,"bloodandmadness:church_doctor_pistol":1,"minecraft:wither_skeleton":50},"minecraft:custom":{"minecraft:interact_with_crafting_table":86,"minecraft:open_barrel":36,"minecraft:leave_game":3,"minecraft:time_since_death":291790,"minecraft:sprint_one_cm":765024,"minecraft:damage_blocked_by_shield":1595,"minecraft:drop":203,"minecraft:talked_to_villager":79,"minecraft:play_time":427203,"minecraft:deaths":6,"minecraft:jump":5952,"minecraft:interact_with_brewingstand":1,"minecraft:walk_on_water_one_cm":21169,"minecraft:enchant_item":13,"minecraft:interact_with_furnace":97,"minecraft:play_record":6,"minecraft:traded_with_villager":69,"minecraft:sleep_in_bed":9,"minecraft:damage_dealt":106969,"minecraft:crouch_one_cm":73597,"minecraft:interact_with_smithing_table":9,"minecraft:mob_kills":343,"minecraft:interact_with_anvil":34,"minecraft:interact_with_campfire":28,"minecraft:damage_dealt_resisted":12789,"minecraft:climb_one_cm":38551,"minecraft:walk_one_cm":790387,"minecraft:sneak_time":30413,"minecraft:walk_under_water_one_cm":8662,"minecraft:total_world_time":427203,"minecraft:tune_noteblock":15,"minecraft:interact_with_grindstone":9,"minecraft:time_since_rest":23846,"minecraft:damage_taken":23165,"minecraft:damage_absorbed":120,"minecraft:swim_one_cm":84462,"minecraft:fly_one_cm":1550331,"minecraft:open_chest":492,"minecraft:fall_one_cm":116037},"minecraft:picked_up":{"minecraft:iron_chestplate":2,"minecraft:wheat":3,"minecraft:chainmail_boots":1,"minecraft:diamond_sword":7,"minecraft:stone_slab":2,"minecraft:enchanted_book":4,"minecraft:stone_brick_stairs":1,"minecraft:brewing_stand":2,"bloodandmadness:weapons/hunting_axe":1,"regions_unexplored:pine_slab":5,"minecraft:string":142,"regions_unexplored:prismarite_cluster":14,"tconstruct:earth_slime_dirt":74,"minecraft:cooked_salmon":24,"regions_unexplored:stripped_pine_log":6,"regions_unexplored:pine_log":40,"minecraft:cobbled_deepslate":2,"minecraft:spruce_planks":9,"minecraft:rose_bush":2,"minecraft:smooth_quartz":24,"minecraft:coal_block":10,"bloodandmadness:pure_quicksilver":2,"minecraft:furnace":7,"minecraft:stick":4,"minecraft:jukebox":2,"minecraft:composter":12,"minecraft:torch":95,"paraglider:kakariko_goddess_statue":1,"tconstruct:skyroot_planks":4,"minecraft:music_disc_pigstep":2,"minecraft:rotten_flesh":6,"minecraft:cyan_terracotta":6,"minecraft:bookshelf":1,"bloodandmadness:siderite_nugget":1,"minecraft:iron_bars":1,"bloodandmadness:blood_stone_shard":7,"minecraft:cobblestone":319,"minecraft:enchanting_table":4,"minecraft:feather":2,"minecraft:chiseled_quartz_block":1,"paraglider:spirit_orb":94,"minecraft:flint":18,"minecraft:lapis_lazuli":45,"minecraft:wither_skeleton_skull":2,"minecraft:dirt":2,"minecraft:magenta_terracotta":18,"minecraft:bone":76,"minecraft:chipped_anvil":1,"minecraft:acacia_planks":1,"tconstruct:sky_slime_sapling":3,"minecraft:honeycomb":8,"minecraft:oak_planks":1,"tconstruct:necrotic_bone":37,"tconstruct:excavator":1,"minecraft:cooked_porkchop":13,"minecraft:music_disc_13":3,"travelersbackpack:squid":1,"regions_unexplored:pine_sapling":9,"regions_unexplored:pine_planks":7,"minecraft:sand":53,"minecraft:barrel":1,"minecraft:dark_prismarine":6,"bloodandmadness:bullets/quicksilver_bullet":2,"minecraft:light_gray_concrete":12,"minecraft:diamond":3,"iceandfire:dragonbone_bow":1,"minecraft:bread":43,"minecraft:emerald":14,"minecraft:bricks":6,"minecraft:charcoal":3,"minecraft:crafting_table":6,"minecraft:chicken":2,"iceandfire:witherbone":17,"bloodandmadness:twin_blood_stone_shards":3,"minecraft:ladder":1,"minecraft:clay_ball":44,"tconstruct:skyroot_log":23,"gravestone:obituary":1,"minecraft:shield":1,"minecraft:cornflower":1,"minecraft:iron_axe":3,"minecraft:cyan_carpet":20,"minecraft:blue_orchid":1,"bloodandmadness:blood_vial":11,"minecraft:music_disc_otherside":1,"minecraft:beef":18,"minecraft:player_head":1,"minecraft:lectern":47,"minecraft:chest":1,"bloodandmadness:weapons/lit_torch":1,"minecraft:raw_iron":35,"minecraft:stone":1,"minecraft:spruce_fence":11,"minecraft:redstone":6,"minecraft:purple_terracotta":13,"bloodandmadness:beastblood_clump":4,"minecraft:dark_oak_planks":5,"tconstruct:sky_slime_ball":89,"minecraft:arrow":81,"minecraft:cooked_cod":4,"minecraft:hay_block":56,"bloodandmadness:sanguisteel_nugget":3,"minecraft:yellow_terracotta":3,"bloodandmadness:weapons/cutlass":1,"minecraft:totem_of_undying":1,"minecraft:brick_stairs":1,"minecraft:mutton":4,"minecraft:skeleton_skull":2,"minecraft:white_wool":3,"minecraft:golden_carrot":8,"minecraft:leather":22,"minecraft:blue_bed":1,"minecraft:cooked_mutton":3,"minecraft:stone_bricks":2,"tconstruct:sledge_hammer":2,"minecraft:iron_ingot":13,"minecraft:stripped_oak_wood":5,"minecraft:book":18,"minecraft:sweet_berries":25,"minecraft:gravel":263,"minecraft:spruce_log":2,"minecraft:spider_eye":23,"travelersbackpack:standard":3,"minecraft:slime_ball":355,"minecraft:stone_axe":1,"minecraft:chainmail_leggings":1,"minecraft:baked_potato":4,"minecraft:damaged_anvil":2,"minecraft:dark_oak_wood":4,"minecraft:coal":267},"minecraft:mined":{"minecraft:dark_oak_planks":5,"minecraft:spruce_planks":8,"minecraft:brewing_stand":2,"tconstruct:earth_slime_tall_grass":1,"minecraft:coal_block":9,"minecraft:composter":12,"minecraft:spawner":43,"minecraft:iron_ore":32,"minecraft:barrel":1,"minecraft:fire":1,"minecraft:pumpkin":1,"minecraft:enchanting_table":4,"regions_unexplored:pine_leaves":7,"minecraft:iron_bars":1,"minecraft:light_gray_concrete":15,"minecraft:blue_orchid":1,"regions_unexplored:prismoss":1,"minecraft:player_head":1,"minecraft:tripwire":2,"minecraft:cyan_terracotta":6,"minecraft:chiseled_quartz_block":1,"minecraft:torch":45,"minecraft:chest":1,"minecraft:cobblestone":64,"minecraft:oak_planks":1,"minecraft:damaged_anvil":2,"minecraft:bricks":6,"minecraft:wall_torch":6,"regions_unexplored:pine_log":38,"paraglider:kakariko_goddess_statue":1,"minecraft:jukebox":2,"minecraft:stripped_oak_wood":5,"minecraft:stone_brick_stairs":1,"minecraft:grass":4,"minecraft:dirt":2,"minecraft:smooth_quartz":12,"minecraft:sandstone_wall":3,"regions_unexplored:stripped_pine_log":6,"minecraft:deepslate":2,"minecraft:yellow_terracotta":3,"minecraft:dark_prismarine":6,"minecraft:ladder":1,"gravestone:gravestone":6,"minecraft:purple_terracotta":14,"minecraft:spruce_fence":10,"minecraft:brick_stairs":1,"minecraft:redstone_wire":1,"regions_unexplored:pine_planks":11,"minecraft:hay_block":59,"minecraft:furnace":8,"regions_unexplored:forest_fern":1,"minecraft:bookshelf":6,"regions_unexplored:medium_grass":5,"minecraft:stone":214,"tconstruct:earth_congealed_slime":90,"travelersbackpack:standard":2,"minecraft:crafting_table":6,"minecraft:cornflower":1,"minecraft:rose_bush":1,"minecraft:lectern":47,"minecraft:stone_slab":2,"minecraft:tall_grass":5,"minecraft:blue_bed":1,"regions_unexplored:prismarite_cluster":14,"minecraft:magenta_terracotta":18,"minecraft:sweet_berry_bush":5,"minecraft:spruce_log":2,"tconstruct:skyroot_log":27,"regions_unexplored:pine_log_transition":2,"minecraft:coal_ore":5,"minecraft:cyan_carpet":4,"minecraft:gravel":89,"minecraft:cobweb":29,"minecraft:acacia_planks":1,"minecraft:stone_bricks":1,"minecraft:chipped_anvil":1},"minecraft:broken":{"minecraft:iron_boots":1,"minecraft:iron_chestplate":1,"minecraft:iron_leggings":1,"minecraft:chainmail_boots":1,"minecraft:iron_sword":1,"minecraft:stone_sword":1,"minecraft:chainmail_helmet":1,"minecraft:wooden_pickaxe":1,"minecraft:iron_axe":1,"minecraft:iron_helmet":1},"minecraft:dropped":{"bloodandmadness:blood_vial":3,"minecraft:cooked_porkchop":13,"minecraft:cookie":144,"minecraft:leather":7,"bloodandmadness:beastblood_clump":1,"travelersbackpack:standard":2,"minecraft:cod":11,"paraglider:spirit_orb":166,"minecraft:flint":8,"minecraft:cyan_terracotta":4,"minecraft:dirt":2,"minecraft:redstone_lamp":6,"tconstruct:materials_and_you":1,"minecraft:cornflower":1,"minecraft:dark_oak_wood":1,"minecraft:cooked_cod":1,"gravestone:obituary":8,"minecraft:sand":6,"minecraft:iron_pickaxe":1,"paraglider:paraglider":1,"minecraft:dark_oak_planks":1,"minecraft:bone":2,"minecraft:stone_axe":2,"minecraft:cobbled_deepslate":2,"bloodandmadness:weapons/cutlass":1,"minecraft:wheat":3,"tconstruct:sky_slime_sapling":3,"minecraft:rotten_flesh":2,"minecraft:oak_planks":1,"tconstruct:grout":2,"minecraft:chainmail_chestplate":1,"minecraft:poppy":1,"tconstruct:sledge_hammer":1,"minecraft:ladder":1,"minecraft:chainmail_boots":2,"minecraft:iron_bars":1,"minecraft:arrow":5,"minecraft:beef":1,"minecraft:stone_brick_stairs":1,"minecraft:enchanted_book":1,"minecraft:iron_ingot":8,"minecraft:bread":31,"minecraft:purple_terracotta":13,"tconstruct:skyroot_planks":4,"minecraft:bookshelf":1,"minecraft:feather":1,"minecraft:yellow_terracotta":3,"minecraft:cobblestone":46,"minecraft:book":9,"regions_unexplored:pine_sapling":8,"minecraft:coal":94,"minecraft:golden_apple":7,"minecraft:stick":21,"tconstruct:necrotic_bone":1,"minecraft:rose_bush":2,"minecraft:smooth_quartz":2,"minecraft:cooked_salmon":8,"minecraft:iron_axe":3,"tconstruct:sky_earth_slime_grass":1,"minecraft:chainmail_leggings":2,"minecraft:string":49,"regions_unexplored:pine_slab":12,"minecraft:furnace":6,"regions_unexplored:pine_planks":47,"tconstruct:earth_slime_dirt":1,"iceandfire:witherbone":1,"minecraft:stone_slab":2,"minecraft:light_gray_concrete":6,"minecraft:spruce_fence":4,"minecraft:shears":1,"minecraft:suspicious_stew":7,"minecraft:diamond_sword":2,"tconstruct:earth_slime_sling":1,"minecraft:shield":1,"bloodandmadness:sanguisteel_nugget":2,"minecraft:spruce_planks":4,"minecraft:iron_chestplate":1,"iceandfire:dragonbone_bow":1,"minecraft:stone_bricks":1,"tconstruct:seared_brick":48,"minecraft:spider_eye":7,"minecraft:blue_orchid":1,"bloodandmadness:blood_stone_shard":1,"minecraft:stone_pickaxe":1,"minecraft:dark_prismarine":2,"minecraft:magenta_terracotta":18}},"DataVersion":2975}