{"stats":{"minecraft:used":{"minecraft:dirt":3,"minecraft:crafting_table":1,"minecraft:wooden_pickaxe":5},"minecraft:custom":{"minecraft:time_since_rest":4562,"minecraft:crouch_one_cm":2585,"minecraft:play_time":4562,"minecraft:sprint_one_cm":1420,"minecraft:walk_one_cm":11346,"minecraft:sneak_time":824,"minecraft:drop":1,"minecraft:jump":25,"minecraft:leave_game":1,"minecraft:time_since_death":4562,"minecraft:total_world_time":4562,"minecraft:interact_with_crafting_table":1,"minecraft:fall_one_cm":478,"minecraft:fly_one_cm":1960},"minecraft:mined":{"minecraft:grass":8,"minecraft:coal_ore":1,"minecraft:grass_block":3,"minecraft:oak_log":10,"minecraft:tall_grass":5,"minecraft:stone":4,"minecraft:oak_leaves":2,"minecraft:crafting_table":1},"minecraft:dropped":{"minecraft:wheat_seeds":1},"minecraft:crafted":{"minecraft:oak_planks":40,"minecraft:crafting_table":1,"minecraft:stick":4,"minecraft:wooden_pickaxe":1},"minecraft:picked_up":{"minecraft:crafting_table":1,"minecraft:wheat_seeds":1,"minecraft:oak_log":10,"minecraft:coal":1,"minecraft:dirt":3,"minecraft:cobblestone":4}},"DataVersion":3465}