{"stats":{"minecraft:killed":{"minecraft:pig":8,"minecraft:spider":1,"spore:inf_drowned":1,"minecraft:creeper":1,"spore:inf_pillager":1,"minecraft:sheep":11,"spore:inf_villager":7,"minecraft:zombie":5,"spore:inf_human":10,"minecraft:cow":9},"minecraft:used":{"minecraft:wheat_seeds":6,"minecraft:cooked_mutton":3,"minecraft:stone_sword":69,"minecraft:stone_pickaxe":131,"minecraft:oak_planks":7,"minecraft:wooden_pickaxe":59,"minecraft:white_wool":6,"minecraft:torch":6,"minecraft:dirt":4,"minecraft:crafting_table":6,"minecraft:brown_wool":2,"minecraft:iron_pickaxe":8,"jeg:scrap_workbench":3,"minecraft:stone_axe":82,"minecraft:cobblestone":37,"minecraft:hay_block":1,"minecraft:furnace":8,"minecraft:cooked_porkchop":11,"minecraft:andesite":2,"minecraft:gray_wool":2},"minecraft:custom":{"minecraft:interact_with_furnace":76,"minecraft:mob_kills":54,"minecraft:interact_with_crafting_table":13,"minecraft:leave_game":1,"minecraft:time_since_death":42300,"minecraft:sleep_in_bed":1,"minecraft:time_since_rest":40771,"minecraft:sprint_one_cm":72441,"minecraft:damage_taken":1952,"minecraft:walk_one_cm":162455,"minecraft:drop":32,"minecraft:damage_dealt":7312,"minecraft:talked_to_villager":3,"minecraft:fly_one_cm":119732,"minecraft:crouch_one_cm":24012,"minecraft:play_time":82562,"minecraft:deaths":3,"minecraft:sneak_time":9250,"minecraft:jump":889,"minecraft:walk_on_water_one_cm":2085,"minecraft:total_world_time":82562,"minecraft:fall_one_cm":23776},"minecraft:broken":{"minecraft:stone_pickaxe":1,"minecraft:stone_axe":1,"minecraft:wooden_pickaxe":1},"minecraft:mined":{"jeg:scrap_ore":4,"minecraft:crafting_table":5,"minecraft:torch":4,"gravestone:gravestone":1,"minecraft:grass_block":3,"minecraft:tall_grass":26,"minecraft:cobblestone":4,"minecraft:oak_planks":2,"minecraft:wall_torch":2,"minecraft:deepslate_copper_ore":3,"minecraft:hay_block":21,"minecraft:gray_wool":1,"jeg:scrap_workbench":3,"minecraft:furnace":6,"minecraft:iron_ore":5,"minecraft:wheat":6,"minecraft:grass":16,"minecraft:coal_ore":35,"minecraft:oak_log":27,"minecraft:deepslate_iron_ore":13,"minecraft:dirt_path":1,"minecraft:stone":124,"minecraft:deepslate":4,"minecraft:white_wool":1,"minecraft:oak_leaves":5},"minecraft:dropped":{"minecraft:stone_axe":1,"minecraft:wheat_seeds":17,"minecraft:cooked_beef":13,"minecraft:stone_sword":1,"minecraft:cobblestone":14,"minecraft:rotten_flesh":15,"minecraft:oak_planks":24,"spore:cerebrum":1,"spore:mutated_fiber":8,"jeg:scrap":3,"minecraft:coal":13,"minecraft:stick":1,"minecraft:gunpowder":1,"minecraft:oak_sapling":1,"gravestone:obituary":3,"jeg:waterpipe_shotgun":6,"minecraft:stone_pickaxe":1,"minecraft:iron_pickaxe":1},"minecraft:picked_up":{"minecraft:crafting_table":5,"minecraft:wheat":6,"minecraft:andesite":2,"minecraft:leather":8,"minecraft:brown_wool":2,"minecraft:flint":1,"jeg:scrap_workbench":3,"minecraft:oak_log":27,"gravestone:obituary":1,"jeg:scrap":18,"minecraft:gunpowder":1,"minecraft:dirt":4,"minecraft:raw_copper":193,"minecraft:wheat_seeds":23,"minecraft:cobbled_deepslate":4,"minecraft:beef":13,"spore:mutated_fiber":21,"jeg:tech_trash":1,"minecraft:oak_planks":2,"minecraft:furnace":6,"minecraft:raw_iron":42,"spore:cerebrum":2,"minecraft:copper_ingot":1,"minecraft:torch":10,"minecraft:porkchop":17,"jeg:scrap_block":2,"minecraft:rotten_flesh":15,"jeg:waterpipe_shotgun":6,"minecraft:hay_block":21,"minecraft:gray_wool":2,"spore:spine_fragment":4,"minecraft:oak_sapling":1,"minecraft:coal":58,"minecraft:mutton":19,"minecraft:white_wool":9,"minecraft:cobblestone":128},"minecraft:crafted":{"minecraft:cooked_beef":13,"minecraft:oak_planks":108,"minecraft:cooked_porkchop":17,"minecraft:crafting_table":3,"minecraft:iron_helmet":1,"minecraft:wooden_pickaxe":1,"minecraft:baked_potato":18,"minecraft:furnace":5,"minecraft:copper_ingot":57,"minecraft:stone_axe":3,"minecraft:cooked_mutton":19,"minecraft:air":0,"minecraft:iron_boots":1,"minecraft:iron_chestplate":1,"jeg:scrap_workbench":1,"minecraft:stick":24,"minecraft:iron_ingot":54,"minecraft:iron_pickaxe":2,"minecraft:stone_pickaxe":2,"minecraft:iron_leggings":1,"minecraft:stone_sword":2,"jeg:scrap":9},"minecraft:killed_by":{"minecraft:creeper":1,"spore:inf_human":2}},"DataVersion":3465}