{"stats":{"minecraft:killed":{"spore:inf_villager":5,"minecraft:sheep":11,"spore:inf_human":4,"minecraft:zombie":4,"minecraft:pig":8,"minecraft:cow":9},"minecraft:used":{"minecraft:cooked_mutton":3,"minecraft:stone_sword":25,"minecraft:stone_pickaxe":33,"minecraft:brown_wool":2,"minecraft:oak_planks":5,"minecraft:wooden_pickaxe":59,"minecraft:white_wool":6,"minecraft:stone_axe":53,"minecraft:dirt":3,"minecraft:cobblestone":2,"minecraft:crafting_table":3,"minecraft:furnace":3,"minecraft:gray_wool":1,"minecraft:wheat_seeds":6},"minecraft:custom":{"minecraft:time_since_rest":34562,"minecraft:interact_with_furnace":25,"minecraft:sprint_one_cm":13645,"minecraft:damage_taken":280,"minecraft:walk_one_cm":81979,"minecraft:mob_kills":41,"minecraft:drop":3,"minecraft:damage_dealt":4894,"minecraft:talked_to_villager":3,"minecraft:interact_with_crafting_table":3,"minecraft:fly_one_cm":24027,"minecraft:crouch_one_cm":16651,"minecraft:play_time":34562,"minecraft:sneak_time":6608,"minecraft:jump":236,"minecraft:leave_game":1,"minecraft:walk_on_water_one_cm":723,"minecraft:time_since_death":34562,"minecraft:total_world_time":34562,"minecraft:fall_one_cm":4193},"minecraft:broken":{"minecraft:wooden_pickaxe":1},"minecraft:mined":{"minecraft:gray_wool":1,"minecraft:wheat":6,"minecraft:crafting_table":2,"minecraft:grass":14,"minecraft:oak_log":10,"minecraft:grass_block":3,"minecraft:coal_ore":31,"minecraft:tall_grass":15,"minecraft:stone":61,"minecraft:white_wool":1,"minecraft:oak_leaves":2,"minecraft:hay_block":20},"minecraft:dropped":{"minecraft:wheat_seeds":13},"minecraft:crafted":{"minecraft:cooked_beef":13,"minecraft:oak_planks":40,"minecraft:cooked_porkchop":8,"minecraft:crafting_table":1,"minecraft:stick":8,"minecraft:wooden_pickaxe":1,"minecraft:stone_pickaxe":1,"minecraft:stone_sword":1,"minecraft:furnace":3,"minecraft:stone_axe":1,"minecraft:air":0,"minecraft:cooked_mutton":15},"minecraft:picked_up":{"minecraft:wheat":6,"spore:cerebrum":2,"minecraft:crafting_table":2,"minecraft:brown_wool":2,"minecraft:leather":8,"minecraft:porkchop":17,"minecraft:oak_log":10,"minecraft:dirt":3,"minecraft:rotten_flesh":7,"minecraft:wheat_seeds":20,"minecraft:hay_block":20,"minecraft:beef":13,"minecraft:gray_wool":2,"spore:mutated_fiber":15,"minecraft:mutton":19,"minecraft:coal":31,"minecraft:white_wool":9,"minecraft:cobblestone":61}},"DataVersion":3465}