{"stats":{"minecraft:killed":{"minecraft:pig":8,"spore:inf_player":8,"minecraft:spider":1,"spore:inf_drowned":3,"minecraft:creeper":2,"spore:inf_pillager":8,"minecraft:sheep":11,"spore:inf_villager":12,"minecraft:zombie":5,"spore:inf_human":20,"minecraft:cow":9},"minecraft:used":{"minecraft:wheat_seeds":6,"minecraft:cooked_mutton":13,"minecraft:stone_sword":175,"minecraft:stone_pickaxe":131,"minecraft:oak_planks":27,"minecraft:wooden_pickaxe":59,"jeg:holy_shotgun":17,"minecraft:white_wool":6,"minecraft:torch":16,"minecraft:dirt":4,"minecraft:crafting_table":7,"minecraft:white_bed":1,"minecraft:brown_wool":2,"minecraft:iron_pickaxe":16,"minecraft:gravel":6,"jeg:scrap_workbench":5,"minecraft:stone_axe":93,"minecraft:cobblestone":52,"minecraft:hay_block":3,"minecraft:furnace":8,"minecraft:cooked_porkchop":16,"minecraft:andesite":2,"minecraft:cobbled_deepslate":5,"jeg:waterpipe_shotgun":2,"minecraft:gray_wool":2},"minecraft:custom":{"minecraft:interact_with_furnace":76,"minecraft:mob_kills":89,"minecraft:interact_with_crafting_table":17,"minecraft:leave_game":1,"minecraft:time_since_death":5557,"minecraft:sleep_in_bed":1,"minecraft:time_since_rest":5589,"minecraft:sprint_one_cm":98872,"minecraft:damage_taken":5654,"minecraft:walk_one_cm":206919,"minecraft:drop":59,"minecraft:damage_dealt":12587,"minecraft:talked_to_villager":3,"minecraft:fly_one_cm":171382,"minecraft:crouch_one_cm":29330,"minecraft:play_time":118562,"minecraft:deaths":13,"minecraft:sneak_time":11225,"minecraft:jump":1410,"minecraft:walk_on_water_one_cm":4201,"minecraft:total_world_time":118562,"minecraft:fall_one_cm":38481},"minecraft:broken":{"minecraft:stone_pickaxe":1,"minecraft:stone_axe":1,"minecraft:wooden_pickaxe":1},"minecraft:mined":{"jeg:scrap_ore":4,"minecraft:crafting_table":6,"minecraft:torch":7,"gravestone:gravestone":10,"minecraft:grass_block":3,"minecraft:tall_grass":26,"minecraft:cobblestone":4,"minecraft:oak_planks":4,"minecraft:wall_torch":7,"minecraft:deepslate_copper_ore":3,"minecraft:hay_block":21,"minecraft:gray_wool":1,"jeg:scrap_workbench":5,"minecraft:furnace":6,"minecraft:iron_ore":5,"minecraft:wheat":6,"minecraft:grass":16,"minecraft:coal_ore":35,"minecraft:oak_log":27,"minecraft:deepslate_iron_ore":13,"minecraft:dirt_path":1,"minecraft:gravel":7,"minecraft:stone":124,"minecraft:deepslate":12,"minecraft:white_wool":1,"minecraft:oak_leaves":5},"minecraft:dropped":{"minecraft:gravel":2,"minecraft:stone_axe":1,"minecraft:wheat_seeds":17,"minecraft:cooked_beef":13,"minecraft:stone_sword":1,"minecraft:cooked_porkchop":1,"minecraft:cobblestone":14,"minecraft:rotten_flesh":15,"minecraft:oak_planks":24,"minecraft:iron_boots":1,"spore:cerebrum":1,"spore:mutated_fiber":8,"minecraft:cooked_mutton":3,"jeg:rifle_ammo":1,"jeg:scrap":3,"minecraft:coal":13,"minecraft:stick":1,"jeg:shotgun_shell":18,"minecraft:gunpowder":1,"jeg:holy_shotgun":3,"minecraft:oak_sapling":1,"minecraft:iron_leggings":1,"gravestone:obituary":12,"jeg:waterpipe_shotgun":6,"minecraft:stone_pickaxe":1,"minecraft:iron_pickaxe":1,"jeg:handmade_shell":19},"minecraft:picked_up":{"spore:mutated_heart":4,"minecraft:crafting_table":6,"minecraft:wheat":6,"minecraft:andesite":2,"minecraft:leather":8,"minecraft:brown_wool":2,"minecraft:flint":5,"jeg:scrap_workbench":4,"minecraft:oak_log":27,"gravestone:obituary":2,"jeg:scrap":18,"minecraft:gunpowder":3,"minecraft:dirt":7,"minecraft:raw_copper":193,"minecraft:wheat_seeds":23,"minecraft:cobbled_deepslate":13,"minecraft:iron_ingot":6,"minecraft:beef":13,"spore:mutated_fiber":58,"jeg:tech_trash":1,"minecraft:oak_planks":5,"minecraft:furnace":6,"minecraft:raw_iron":42,"spore:cerebrum":6,"minecraft:copper_ingot":1,"minecraft:torch":20,"minecraft:gravel":8,"minecraft:porkchop":17,"minecraft:white_bed":1,"jeg:handmade_shell":5,"jeg:scrap_block":2,"minecraft:rotten_flesh":15,"jeg:holy_shotgun":1,"jeg:waterpipe_shotgun":7,"minecraft:hay_block":21,"minecraft:gray_wool":2,"spore:spine_fragment":8,"minecraft:oak_sapling":1,"minecraft:coal":58,"minecraft:mutton":19,"minecraft:white_wool":9,"minecraft:cobblestone":128},"minecraft:crafted":{"minecraft:cooked_beef":13,"minecraft:oak_planks":108,"minecraft:cooked_porkchop":17,"minecraft:crafting_table":3,"minecraft:iron_helmet":1,"minecraft:wooden_pickaxe":1,"minecraft:baked_potato":18,"minecraft:furnace":5,"minecraft:copper_ingot":57,"minecraft:stone_axe":3,"minecraft:cooked_mutton":19,"minecraft:air":0,"minecraft:iron_boots":1,"minecraft:iron_chestplate":1,"jeg:scrap_workbench":1,"minecraft:stick":24,"minecraft:iron_ingot":54,"minecraft:iron_pickaxe":2,"minecraft:stone_pickaxe":2,"minecraft:iron_leggings":1,"minecraft:stone_sword":2,"jeg:scrap":9},"minecraft:killed_by":{"spore:inf_player":5,"minecraft:creeper":1,"spore:inf_human":3,"spore:inf_pillager":4}},"DataVersion":3465}