{"stats":{"minecraft:killed":{"minecraft:pig":8,"minecraft:creeper":1,"minecraft:sheep":11,"spore:inf_villager":5,"minecraft:zombie":4,"spore:inf_human":4,"minecraft:cow":9},"minecraft:used":{"minecraft:wheat_seeds":6,"minecraft:cooked_mutton":3,"minecraft:stone_sword":25,"minecraft:stone_pickaxe":35,"minecraft:oak_planks":7,"minecraft:wooden_pickaxe":59,"minecraft:white_wool":6,"minecraft:dirt":4,"minecraft:crafting_table":4,"minecraft:brown_wool":2,"minecraft:stone_axe":75,"minecraft:cobblestone":2,"minecraft:furnace":3,"minecraft:cooked_porkchop":1,"minecraft:gray_wool":1},"minecraft:custom":{"minecraft:interact_with_furnace":25,"minecraft:mob_kills":42,"minecraft:interact_with_crafting_table":5,"minecraft:leave_game":1,"minecraft:time_since_death":6300,"minecraft:sleep_in_bed":1,"minecraft:time_since_rest":4771,"minecraft:sprint_one_cm":40547,"minecraft:damage_taken":1060,"minecraft:walk_one_cm":97020,"minecraft:drop":19,"minecraft:damage_dealt":5108,"minecraft:talked_to_villager":3,"minecraft:fly_one_cm":77834,"minecraft:crouch_one_cm":17564,"minecraft:play_time":46562,"minecraft:deaths":3,"minecraft:sneak_time":6865,"minecraft:jump":467,"minecraft:walk_on_water_one_cm":723,"minecraft:total_world_time":46562,"minecraft:fall_one_cm":9736},"minecraft:broken":{"minecraft:wooden_pickaxe":1},"minecraft:mined":{"minecraft:crafting_table":2,"gravestone:gravestone":1,"minecraft:grass_block":3,"minecraft:tall_grass":26,"minecraft:oak_planks":2,"minecraft:hay_block":20,"minecraft:gray_wool":1,"minecraft:wheat":6,"minecraft:grass":16,"minecraft:coal_ore":33,"minecraft:oak_log":27,"minecraft:dirt_path":1,"minecraft:stone":61,"minecraft:white_wool":1,"minecraft:oak_leaves":5},"minecraft:dropped":{"minecraft:stone_axe":1,"minecraft:wheat_seeds":15,"minecraft:cooked_beef":13,"minecraft:stone_sword":1,"minecraft:cobblestone":14,"minecraft:oak_planks":24,"spore:cerebrum":1,"spore:mutated_fiber":8,"minecraft:coal":13,"minecraft:stick":1,"minecraft:gunpowder":1,"minecraft:oak_sapling":1,"gravestone:obituary":3,"minecraft:stone_pickaxe":1},"minecraft:picked_up":{"minecraft:crafting_table":2,"minecraft:wheat":6,"minecraft:leather":8,"minecraft:brown_wool":2,"minecraft:oak_log":27,"gravestone:obituary":1,"minecraft:gunpowder":1,"minecraft:dirt":4,"minecraft:wheat_seeds":22,"minecraft:beef":13,"spore:mutated_fiber":15,"minecraft:oak_planks":2,"spore:cerebrum":2,"minecraft:porkchop":17,"minecraft:rotten_flesh":7,"minecraft:hay_block":20,"minecraft:gray_wool":2,"minecraft:oak_sapling":1,"minecraft:coal":33,"minecraft:mutton":19,"minecraft:white_wool":9,"minecraft:cobblestone":61},"minecraft:crafted":{"minecraft:cooked_beef":13,"minecraft:oak_planks":108,"minecraft:cooked_porkchop":8,"minecraft:crafting_table":2,"minecraft:wooden_pickaxe":1,"minecraft:furnace":3,"minecraft:stone_axe":3,"minecraft:cooked_mutton":15,"minecraft:air":0,"minecraft:stick":16,"minecraft:stone_pickaxe":2,"minecraft:stone_sword":2},"minecraft:killed_by":{"minecraft:creeper":1,"spore:inf_human":2}},"DataVersion":3465}