{"stats":{"minecraft:killed":{"minecraft:spider":2,"spore:leaper":1,"minecraft:cod":2,"spore:inf_vindicator":1,"minecraft:horse":1,"minecraft:skeleton":3,"spore:vigil":1,"minecraft:pig":8,"spore:inf_player":11,"spore:stalker":3,"minecraft:iron_golem":1,"spore:inf_drowned":3,"minecraft:creeper":2,"spore:inf_pillager":13,"minecraft:sheep":11,"spore:inf_villager":19,"minecraft:zombie":5,"spore:inf_human":28,"jeg:bubble":4,"spore:inf_witch":2,"spore:knight":1,"minecraft:cow":9},"minecraft:used":{"spore:sieger_spawnegg":1,"spore:infected_human_spawnegg":2,"jeg:stun_grenade":4,"minecraft:stone_sword":175,"spore:hinden_spawnegg":1,"minecraft:chest":15,"jeg:holy_shotgun":34,"spore:umarmed_spawnegg":1,"jeg:pump_shotgun":2,"jeg:burst_rifle":7,"minecraft:torch":19,"paraglider:goddess_statue":2,"minecraft:dirt":4,"spore:gas_mask":3,"jeg:gunnite_workbench":2,"spore:volatile_spawnegg":1,"spore:brotkatze_spawnegg":1,"spore:rusted_reinforced_door":4,"spore:howler_spawnegg":1,"spore:reconstructor_spawnegg":1,"spore:usurper_spawnegg":1,"spore:stalker_spawnegg":3,"spore:braurei_spawnegg":2,"spore:vent_plate":5,"minecraft:iron_helmet":2,"jeg:healing_talisman":44,"spore:gazen_spawnegg":1,"spore:proto_spawnegg":1,"spore:inquisitor_spawnegg":1,"spore:griefer_spawnegg":1,"spore:inf_vind_spawnegg":1,"spore:verva_spawnegg":1,"minecraft:hay_block":3,"minecraft:furnace":8,"spore:vigil_spawnegg":1,"spore:delusioner_spawnegg":1,"jeg:pocket_bubble":62,"minecraft:cobbled_deepslate":5,"minecraft:enchanted_golden_apple":3,"minecraft:wheat_seeds":6,"minecraft:cooked_mutton":16,"spore:inf_villager_spawnegg":1,"spore:slasher_spawnegg":1,"spore:armads":6,"jeg:combat_rifle":399,"spore:leaper_spawnegg":1,"minecraft:stone_pickaxe":131,"minecraft:oak_planks":27,"minecraft:wooden_pickaxe":59,"spore:scamper_spawnegg":1,"jeg:assault_rifle":211,"spore:infected_crossbow":1,"minecraft:white_wool":6,"jeg:gunmetal_workbench":1,"spore:inf_pillager_spawnegg":1,"minecraft:crafting_table":7,"spore:brute_spawnegg":1,"jeg:typhoonee":8,"minecraft:white_bed":1,"spore:greatsword":2,"spore:scent_spawnegg":2,"spore:wendigo_spawnegg":1,"spore:mound_spawnegg":1,"spore:illusion_spawnegg":6,"minecraft:firework_rocket":15,"spore:saber":8,"spore:busser_spawnegg":2,"minecraft:bread":5,"minecraft:brown_wool":2,"minecraft:iron_pickaxe":16,"spore:claw_spawnegg":1,"spore:inf_witch_spawnegg":1,"minecraft:gravel":6,"jeg:scrap_workbench":5,"minecraft:stone_axe":95,"minecraft:cobblestone":52,"minecraft:cooked_porkchop":16,"minecraft:andesite":2,"jeg:blossom_rifle":167,"jeg:waterpipe_shotgun":3,"spore:spitter_spawnegg":2,"jeg:molotov_cocktail":1,"minecraft:gray_wool":2},"minecraft:custom":{"minecraft:mob_kills":133,"minecraft:interact_with_crafting_table":17,"minecraft:leave_game":1,"minecraft:time_since_death":39966,"minecraft:damage_resisted":120,"minecraft:sprint_one_cm":117807,"minecraft:walk_one_cm":287340,"minecraft:drop":160,"minecraft:talked_to_villager":3,"minecraft:play_time":166562,"minecraft:deaths":15,"minecraft:sneak_time":11589,"minecraft:walk_under_water_one_cm":6789,"minecraft:jump":1774,"minecraft:walk_on_water_one_cm":6088,"minecraft:total_world_time":166562,"minecraft:interact_with_furnace":76,"minecraft:sleep_in_bed":1,"minecraft:time_since_rest":40013,"minecraft:damage_taken":7526,"minecraft:damage_absorbed":359,"minecraft:damage_dealt":14785,"minecraft:swim_one_cm":410,"minecraft:player_kills":1,"minecraft:fly_one_cm":352419,"minecraft:open_chest":19,"minecraft:crouch_one_cm":30042,"minecraft:aviate_one_cm":502594,"minecraft:fall_one_cm":40533},"minecraft:broken":{"minecraft:wooden_pickaxe":1,"minecraft:stone_pickaxe":1,"minecraft:stone_axe":1},"minecraft:mined":{"gravestone:gravestone":12,"minecraft:grass_block":3,"minecraft:hay_block":21,"minecraft:furnace":6,"minecraft:iron_ore":5,"minecraft:deepslate_iron_ore":13,"minecraft:dirt_path":1,"minecraft:stone":124,"minecraft:white_wool":1,"jeg:scrap_ore":4,"minecraft:crafting_table":6,"minecraft:torch":7,"minecraft:tall_grass":26,"minecraft:cobblestone":4,"minecraft:oak_planks":5,"minecraft:wall_torch":7,"minecraft:deepslate_copper_ore":3,"minecraft:gray_wool":1,"jeg:scrap_workbench":5,"minecraft:wheat":6,"minecraft:grass":17,"minecraft:oak_log":27,"minecraft:coal_ore":35,"minecraft:gravel":7,"spore:remains":1,"minecraft:oak_leaves":5,"minecraft:deepslate":12},"minecraft:dropped":{"jeg:atlantean_spear":1,"jeg:telescopic_sight":3,"minecraft:bread":18,"jeg:holographic_sight":2,"minecraft:wheat_seeds":17,"jeg:silencer":2,"minecraft:cooked_beef":13,"paraglider:stamina_vessel":64,"minecraft:cooked_porkchop":1,"jeg:vertical_grip":2,"minecraft:iron_helmet":1,"minecraft:cobblestone":14,"spore:tendons":3,"jeg:grenade":4,"jeg:bolt_action_rifle":1,"jeg:scrap":3,"minecraft:coal":13,"jeg:raw_brimstone":1,"jeg:tactical_stock":2,"paraglider:spirit_orb":64,"minecraft:stick":2,"jeg:custom_smg":1,"jeg:shotgun_shell":18,"jeg:drum_mag":2,"minecraft:iron_leggings":1,"gravestone:obituary":16,"jeg:waterpipe_shotgun":8,"jeg:light_stock":2,"minecraft:iron_pickaxe":1,"minecraft:gravel":2,"minecraft:stone_axe":1,"minecraft:stone_sword":1,"jeg:light_grip":2,"jeg:double_barrel_shotgun":1,"minecraft:rotten_flesh":15,"minecraft:oak_planks":24,"minecraft:iron_boots":1,"minecraft:glowstone_dust":1,"spore:cerebrum":1,"spore:mutated_fiber":8,"minecraft:cooked_mutton":3,"jeg:rifle_ammo":705,"jeg:burst_rifle":1,"jeg:angled_grip":1,"jeg:stun_grenade":2,"jeg:revolver":1,"minecraft:gunpowder":1,"jeg:molotov_cocktail":1,"jeg:holy_shotgun":4,"jeg:water_bomb":2,"minecraft:iron_chestplate":1,"jeg:extended_mag":2,"minecraft:oak_sapling":1,"jeg:pump_shotgun":1,"jeg:assault_rifle":1,"jeg:makeshift_stock":2,"jeg:blossom_rifle":1,"minecraft:stone_pickaxe":1,"jeg:combat_rifle":3,"jeg:weighted_stock":2,"jeg:handmade_shell":19,"jeg:semi_auto_rifle":1,"minecraft:firework_rocket":576},"minecraft:crafted":{"minecraft:oak_planks":108,"minecraft:furnace":5,"minecraft:cooked_mutton":19,"minecraft:iron_boots":1,"jeg:scrap_workbench":1,"minecraft:stone_pickaxe":2,"minecraft:cooked_beef":13,"minecraft:cooked_porkchop":17,"minecraft:crafting_table":3,"minecraft:wooden_pickaxe":1,"minecraft:baked_potato":18,"minecraft:iron_helmet":1,"minecraft:copper_ingot":57,"minecraft:stone_axe":3,"minecraft:air":0,"minecraft:iron_chestplate":1,"minecraft:stick":24,"minecraft:iron_ingot":54,"minecraft:iron_pickaxe":2,"minecraft:stone_sword":2,"minecraft:iron_leggings":1,"jeg:scrap":9},"minecraft:picked_up":{"minecraft:iron_chestplate":1,"minecraft:crafting_table":6,"spore:mutated_heart":4,"minecraft:wheat":6,"minecraft:chicken":1,"jeg:scrap_workbench":4,"gravestone:obituary":4,"minecraft:raw_copper":193,"jeg:spectre_ammo":1,"minecraft:cobbled_deepslate":13,"minecraft:beef":13,"minecraft:furnace":6,"minecraft:raw_iron":42,"spore:tumor":3,"spore:vigil_eye":1,"minecraft:oak_door":1,"minecraft:copper_ingot":1,"minecraft:torch":20,"minecraft:porkchop":17,"jeg:vertical_grip":1,"spore:plated_chest":1,"minecraft:rotten_flesh":15,"jeg:waterpipe_shotgun":7,"minecraft:hay_block":21,"spore:tendons":3,"minecraft:mutton":19,"minecraft:white_wool":9,"minecraft:cobblestone":128,"minecraft:andesite":2,"minecraft:brown_wool":2,"minecraft:leather":8,"minecraft:flint":5,"minecraft:oak_log":27,"jeg:scrap":18,"minecraft:gunpowder":3,"minecraft:dirt":26,"jeg:combat_rifle":2,"minecraft:wheat_seeds":23,"minecraft:iron_ingot":6,"spore:mutated_fiber":76,"minecraft:glowstone_dust":1,"minecraft:oak_planks":5,"jeg:tech_trash":1,"spore:cerebrum":6,"spore:armor_fragment":28,"minecraft:dandelion":1,"minecraft:gravel":8,"minecraft:white_bed":1,"spore:claw_fragment":11,"jeg:handmade_shell":5,"jeg:scrap_block":2,"jeg:holy_shotgun":2,"minecraft:gray_wool":2,"spore:spine_fragment":8,"minecraft:oak_sapling":1,"minecraft:coal":58},"minecraft:killed_by":{"minecraft:player":1,"spore:volatile":1,"minecraft:creeper":1,"spore:inf_human":3,"spore:inf_pillager":4,"spore:inf_player":5}},"DataVersion":3465}