{"stats":{"minecraft:killed":{"minecraft:spider":1,"spore:leaper":1,"minecraft:skeleton":2,"minecraft:pig":8,"spore:inf_player":11,"spore:stalker":1,"spore:inf_drowned":3,"minecraft:creeper":2,"spore:inf_pillager":10,"minecraft:sheep":11,"spore:inf_villager":15,"minecraft:zombie":5,"spore:inf_human":26,"spore:inf_witch":2,"spore:knight":1,"minecraft:cow":9},"minecraft:used":{"minecraft:stone_sword":175,"minecraft:chest":15,"jeg:holy_shotgun":33,"minecraft:torch":17,"minecraft:dirt":4,"minecraft:hay_block":3,"minecraft:furnace":8,"minecraft:cobbled_deepslate":5,"minecraft:wheat_seeds":6,"minecraft:cooked_mutton":16,"jeg:combat_rifle":179,"minecraft:stone_pickaxe":131,"minecraft:oak_planks":27,"minecraft:wooden_pickaxe":59,"minecraft:white_wool":6,"minecraft:crafting_table":7,"minecraft:white_bed":1,"minecraft:bread":2,"minecraft:brown_wool":2,"minecraft:iron_pickaxe":16,"minecraft:gravel":6,"jeg:scrap_workbench":5,"minecraft:stone_axe":95,"minecraft:cobblestone":52,"minecraft:cooked_porkchop":16,"minecraft:andesite":2,"jeg:waterpipe_shotgun":3,"minecraft:gray_wool":2},"minecraft:custom":{"minecraft:mob_kills":110,"minecraft:interact_with_crafting_table":17,"minecraft:leave_game":1,"minecraft:time_since_death":3966,"minecraft:sprint_one_cm":102545,"minecraft:walk_one_cm":230667,"minecraft:drop":77,"minecraft:talked_to_villager":3,"minecraft:play_time":130562,"minecraft:deaths":15,"minecraft:sneak_time":11333,"minecraft:jump":1530,"minecraft:walk_on_water_one_cm":5263,"minecraft:total_world_time":130562,"minecraft:interact_with_furnace":76,"minecraft:sleep_in_bed":1,"minecraft:time_since_rest":4013,"minecraft:damage_taken":6671,"minecraft:damage_dealt":12594,"minecraft:player_kills":1,"minecraft:fly_one_cm":215112,"minecraft:open_chest":6,"minecraft:crouch_one_cm":29543,"minecraft:fall_one_cm":40533},"minecraft:broken":{"minecraft:wooden_pickaxe":1,"minecraft:stone_pickaxe":1,"minecraft:stone_axe":1},"minecraft:mined":{"gravestone:gravestone":12,"minecraft:grass_block":3,"minecraft:hay_block":21,"minecraft:furnace":6,"minecraft:iron_ore":5,"minecraft:deepslate_iron_ore":13,"minecraft:dirt_path":1,"minecraft:stone":124,"minecraft:white_wool":1,"jeg:scrap_ore":4,"minecraft:crafting_table":6,"minecraft:torch":7,"minecraft:tall_grass":26,"minecraft:cobblestone":4,"minecraft:oak_planks":5,"minecraft:wall_torch":7,"minecraft:deepslate_copper_ore":3,"minecraft:gray_wool":1,"jeg:scrap_workbench":5,"minecraft:wheat":6,"minecraft:grass":16,"minecraft:oak_log":27,"minecraft:coal_ore":35,"minecraft:gravel":7,"spore:remains":1,"minecraft:oak_leaves":5,"minecraft:deepslate":12},"minecraft:dropped":{"minecraft:wheat_seeds":17,"minecraft:cooked_beef":13,"minecraft:cooked_porkchop":1,"minecraft:iron_helmet":1,"minecraft:cobblestone":14,"spore:tendons":3,"jeg:scrap":3,"minecraft:coal":13,"minecraft:stick":2,"jeg:shotgun_shell":18,"minecraft:iron_leggings":1,"gravestone:obituary":16,"jeg:waterpipe_shotgun":7,"minecraft:iron_pickaxe":1,"minecraft:gravel":2,"minecraft:stone_axe":1,"minecraft:stone_sword":1,"minecraft:rotten_flesh":15,"minecraft:oak_planks":24,"minecraft:iron_boots":1,"minecraft:glowstone_dust":1,"spore:cerebrum":1,"spore:mutated_fiber":8,"minecraft:cooked_mutton":3,"jeg:rifle_ammo":193,"minecraft:gunpowder":1,"jeg:holy_shotgun":4,"minecraft:iron_chestplate":1,"minecraft:oak_sapling":1,"minecraft:stone_pickaxe":1,"jeg:combat_rifle":2,"jeg:handmade_shell":19},"minecraft:crafted":{"minecraft:oak_planks":108,"minecraft:furnace":5,"minecraft:cooked_mutton":19,"minecraft:iron_boots":1,"jeg:scrap_workbench":1,"minecraft:stone_pickaxe":2,"minecraft:cooked_beef":13,"minecraft:cooked_porkchop":17,"minecraft:crafting_table":3,"minecraft:wooden_pickaxe":1,"minecraft:baked_potato":18,"minecraft:iron_helmet":1,"minecraft:copper_ingot":57,"minecraft:stone_axe":3,"minecraft:air":0,"minecraft:iron_chestplate":1,"minecraft:stick":24,"minecraft:iron_ingot":54,"minecraft:iron_pickaxe":2,"minecraft:stone_sword":2,"minecraft:iron_leggings":1,"jeg:scrap":9},"minecraft:picked_up":{"minecraft:crafting_table":6,"spore:mutated_heart":4,"minecraft:wheat":6,"jeg:scrap_workbench":4,"gravestone:obituary":4,"minecraft:raw_copper":193,"minecraft:cobbled_deepslate":13,"minecraft:beef":13,"minecraft:furnace":6,"minecraft:raw_iron":42,"spore:tumor":3,"minecraft:copper_ingot":1,"minecraft:torch":20,"minecraft:porkchop":17,"minecraft:rotten_flesh":15,"jeg:waterpipe_shotgun":7,"minecraft:hay_block":21,"spore:tendons":3,"minecraft:mutton":19,"minecraft:white_wool":9,"minecraft:cobblestone":128,"minecraft:andesite":2,"minecraft:brown_wool":2,"minecraft:leather":8,"minecraft:flint":5,"minecraft:oak_log":27,"jeg:scrap":18,"minecraft:gunpowder":3,"minecraft:dirt":7,"jeg:combat_rifle":1,"minecraft:wheat_seeds":23,"minecraft:iron_ingot":6,"spore:mutated_fiber":73,"minecraft:glowstone_dust":1,"minecraft:oak_planks":5,"jeg:tech_trash":1,"spore:cerebrum":6,"spore:armor_fragment":8,"minecraft:gravel":8,"minecraft:white_bed":1,"jeg:handmade_shell":5,"jeg:scrap_block":2,"jeg:holy_shotgun":2,"minecraft:gray_wool":2,"spore:spine_fragment":8,"minecraft:oak_sapling":1,"minecraft:coal":58},"minecraft:killed_by":{"minecraft:player":1,"spore:volatile":1,"minecraft:creeper":1,"spore:inf_human":3,"spore:inf_pillager":4,"spore:inf_player":5}},"DataVersion":3465}