{"stats":{"minecraft:killed":{"minecraft:sheep":8,"minecraft:zombie":1,"minecraft:pig":4,"minecraft:cow":9},"minecraft:used":{"minecraft:stone_sword":9,"minecraft:stone_pickaxe":33,"minecraft:brown_wool":2,"minecraft:oak_planks":3,"minecraft:wooden_pickaxe":59,"minecraft:white_wool":3,"minecraft:stone_axe":26,"minecraft:dirt":3,"minecraft:crafting_table":2},"minecraft:custom":{"minecraft:time_since_rest":16562,"minecraft:sprint_one_cm":6707,"minecraft:damage_taken":80,"minecraft:walk_one_cm":53904,"minecraft:mob_kills":22,"minecraft:drop":1,"minecraft:damage_dealt":2586,"minecraft:interact_with_crafting_table":2,"minecraft:fly_one_cm":7878,"minecraft:crouch_one_cm":11411,"minecraft:play_time":16562,"minecraft:sneak_time":3190,"minecraft:jump":149,"minecraft:leave_game":1,"minecraft:walk_on_water_one_cm":723,"minecraft:time_since_death":16562,"minecraft:total_world_time":16562,"minecraft:fall_one_cm":2835},"minecraft:broken":{"minecraft:wooden_pickaxe":1},"minecraft:mined":{"minecraft:crafting_table":2,"minecraft:grass":10,"minecraft:oak_log":10,"minecraft:grass_block":3,"minecraft:coal_ore":31,"minecraft:tall_grass":15,"minecraft:stone":61,"minecraft:white_wool":1,"minecraft:oak_leaves":2},"minecraft:dropped":{"minecraft:wheat_seeds":1},"minecraft:crafted":{"minecraft:oak_planks":40,"minecraft:crafting_table":1,"minecraft:stick":8,"minecraft:wooden_pickaxe":1,"minecraft:stone_pickaxe":1,"minecraft:stone_sword":1,"minecraft:stone_axe":1},"minecraft:picked_up":{"minecraft:crafting_table":2,"minecraft:brown_wool":2,"minecraft:leather":8,"minecraft:porkchop":8,"minecraft:oak_log":10,"minecraft:dirt":3,"minecraft:wheat_seeds":2,"minecraft:beef":13,"minecraft:gray_wool":1,"minecraft:mutton":15,"minecraft:coal":31,"minecraft:white_wool":6,"minecraft:cobblestone":61}},"DataVersion":3465}