{"stats":{"minecraft:crafted":{"minecraft:smooth_stone":3,"minecraft:oak_planks":4,"tconstruct:puny_smelting":1,"minecraft:cooked_chicken":3,"minecraft:stone":3,"tconstruct:tinkers_gadgetry":1,"minecraft:diamond_shovel":1,"minecraft:bookshelf":22,"minecraft:cooked_mutton":6,"tconstruct:seared_melter":1,"minecraft:glass":6,"minecraft:diamond_leggings":1,"minecraft:diamond_helmet":1,"minecraft:bow":1,"minecraft:iron_boots":2,"tconstruct:materials_and_you":1,"iceandfire:dragonbone_arrow":5,"tconstruct:seared_brick":264,"tconstruct:seared_fuel_tank":1,"tconstruct:tough_handle":2,"regions_unexplored:cherry_planks":20,"minecraft:emerald":108,"minecraft:cooked_porkchop":36,"minecraft:crafting_table":3,"minecraft:spruce_planks":4,"minecraft:iron_helmet":2,"minecraft:smithing_table":1,"iceandfire:wither_shard":3,"minecraft:copper_ingot":34,"iceandfire:dragonbone_bow":1,"minecraft:lectern":1,"minecraft:iron_chestplate":3,"minecraft:diamond_pickaxe":1,"minecraft:shield":8,"minecraft:stick":8,"minecraft:iron_ingot":11,"minecraft:iron_pickaxe":1,"minecraft:stone_sword":1,"tconstruct:seared_bricks":61,"tconstruct:large_plate":2,"tconstruct:seared_fuel_gauge":1,"minecraft:wooden_sword":1,"tconstruct:pattern":12,"minecraft:coal":171,"tconstruct:part_builder":1,"minecraft:blast_furnace":1,"tconstruct:seared_basin":1,"tconstruct:tinker_station":1,"minecraft:diamond":54,"minecraft:iron_axe":1,"minecraft:spruce_slab":6,"minecraft:iron_hoe":1,"tconstruct:seared_table":1,"regions_unexplored:pine_slab":6,"minecraft:dark_oak_planks":68,"minecraft:cooked_beef":5,"minecraft:coal_block":2,"minecraft:cooked_cod":3,"minecraft:diamond_sword":2,"tconstruct:tinkers_anvil":1,"tconstruct:excavator":3,"minecraft:iron_sword":1,"tconstruct:hammer_head":1,"minecraft:bucket":1,"tconstruct:seared_drain":1,"minecraft:enchanted_book":7,"minecraft:air":0,"minecraft:bread":18,"travelersbackpack:squid":1,"tconstruct:seared_heater":1,"regions_unexplored:pine_planks":196,"tconstruct:seared_faucet":3,"minecraft:torch":48,"tconstruct:grout":228,"tconstruct:sledge_hammer":6},"minecraft:used":{"regions_unexplored:pine_planks":4,"minecraft:shield":468,"minecraft:iron_sword":46,"minecraft:rotten_flesh":11,"tconstruct:seared_fuel_tank":1,"minecraft:spruce_wood":1,"tconstruct:seared_faucet":4,"minecraft:stone_brick_stairs":1,"tconstruct:tinkers_anvil":1,"minecraft:bow":28,"minecraft:sweet_berries":6,"minecraft:furnace":11,"minecraft:cooked_cod":5,"minecraft:egg":4,"tconstruct:smeltery_controller":1,"minecraft:oak_planks":4,"minecraft:black_bed":5,"regions_unexplored:fireweed":1,"minecraft:bread":193,"minecraft:lectern":52,"minecraft:diamond_sword":1174,"minecraft:wooden_sword":7,"minecraft:smithing_table":2,"minecraft:andesite":15,"minecraft:coarse_dirt":2,"tconstruct:earth_slime_dirt":93,"minecraft:experience_bottle":1,"minecraft:enchanting_table":2,"minecraft:stone_sword":44,"minecraft:spruce_planks":11,"tconstruct:slimesteel_block":1,"minecraft:cooked_salmon":9,"minecraft:cooked_chicken":3,"travelersbackpack:bat":16,"minecraft:torch":61,"tconstruct:seared_drain":1,"minecraft:dirt":8,"tconstruct:seared_bricks":55,"regions_unexplored:blue_bioshroom_block":1,"tconstruct:seared_heater":1,"minecraft:iron_hoe":5,"minecraft:dark_oak_planks":36,"minecraft:bookshelf":21,"minecraft:iron_axe":229,"tconstruct:tinker_station":1,"travelersbackpack:squid":17,"minecraft:smooth_quartz":61,"minecraft:beef":1,"tconstruct:sky_slime_bucket":1,"minecraft:cooked_beef":12,"tconstruct:part_builder":1,"minecraft:pumpkin":1,"minecraft:wheat_seeds":3,"minecraft:cooked_mutton":6,"minecraft:water_bucket":4,"minecraft:dark_prismarine_slab":1,"minecraft:crafting_table":10,"tconstruct:seared_basin":3,"minecraft:cod":3,"minecraft:dark_prismarine":10,"minecraft:diamond_pickaxe":243,"minecraft:apple":1,"minecraft:diamond_shovel":617,"iceandfire:dragonbone_bow":27,"tconstruct:seared_table":2,"minecraft:iron_pickaxe":254,"minecraft:cobblestone":109,"tconstruct:seared_melter":1,"minecraft:cooked_porkchop":36,"minecraft:bucket":23},"minecraft:killed_by":{"minecraft:wither_skeleton":3,"minecraft:cave_spider":1,"minecraft:zombie":2,"minecraft:spider":1,"bloodandmadness:brainsucker":1},"minecraft:killed":{"minecraft:cave_spider":57,"bloodandmadness:church_doctor_flamesprayer":1,"minecraft:spider":76,"tconstruct:sky_slime":8,"minecraft:skeleton":10,"bloodandmadness:beast_patient":7,"minecraft:zombie_villager":1,"minecraft:creeper":1,"minecraft:sheep":4,"minecraft:pillager":2,"minecraft:zombie":10,"minecraft:cow":4,"bloodandmadness:church_doctor":3,"bloodandmadness:cloaked_beast_patient":2,"minecraft:vindicator":1,"bloodandmadness:huntsman_cutlass":4,"bloodandmadness:church_doctor_scythe":3,"bloodandmadness:church_doctor_lantern":2,"minecraft:squid":3,"bloodandmadness:church_doctor_crucifix":1,"minecraft:wither_skeleton":36},"minecraft:custom":{"minecraft:interact_with_crafting_table":90,"minecraft:open_barrel":6,"minecraft:leave_game":6,"minecraft:time_since_death":288763,"minecraft:sprint_one_cm":685476,"minecraft:damage_blocked_by_shield":10633,"minecraft:drop":140,"minecraft:play_noteblock":3,"minecraft:talked_to_villager":49,"minecraft:play_time":416868,"minecraft:deaths":8,"minecraft:jump":4777,"minecraft:walk_on_water_one_cm":37570,"minecraft:enchant_item":7,"minecraft:interact_with_furnace":157,"minecraft:traded_with_villager":7,"minecraft:sleep_in_bed":9,"minecraft:damage_dealt":80992,"minecraft:crouch_one_cm":37356,"minecraft:interact_with_smithing_table":8,"minecraft:mob_kills":235,"minecraft:interact_with_anvil":10,"minecraft:interact_with_campfire":5,"minecraft:damage_dealt_resisted":6302,"minecraft:climb_one_cm":20128,"minecraft:walk_one_cm":837633,"minecraft:sneak_time":18176,"minecraft:walk_under_water_one_cm":40346,"minecraft:total_world_time":416868,"minecraft:tune_noteblock":5,"minecraft:interact_with_grindstone":4,"minecraft:time_since_rest":20104,"minecraft:damage_taken":19541,"minecraft:swim_one_cm":99675,"minecraft:fly_one_cm":1137376,"minecraft:open_chest":372,"minecraft:fall_one_cm":128047},"minecraft:picked_up":{"minecraft:iron_chestplate":1,"minecraft:wheat":1,"travelersbackpack:bat":1,"minecraft:chainmail_boots":1,"iceandfire:copper_ore":18,"minecraft:smithing_table":1,"minecraft:diamond_sword":5,"minecraft:enchanted_book":1,"minecraft:stone_brick_stairs":1,"minecraft:string":203,"regions_unexplored:prismarite_cluster":3,"tconstruct:earth_slime_dirt":100,"minecraft:raw_copper":198,"minecraft:cooked_salmon":9,"minecraft:iron_leggings":1,"regions_unexplored:stripped_pine_log":8,"regions_unexplored:pine_log":41,"minecraft:cobbled_deepslate":96,"minecraft:spruce_planks":11,"minecraft:rose_bush":3,"minecraft:iron_pickaxe":1,"minecraft:smooth_quartz":111,"minecraft:coal_block":17,"minecraft:furnace":10,"minecraft:stick":28,"minecraft:torch":16,"iceandfire:silver_ore":6,"minecraft:porkchop":64,"iceandfire:rotten_egg":1,"minecraft:music_disc_pigstep":1,"tconstruct:seared_faucet":2,"minecraft:diorite":13,"minecraft:rotten_flesh":6,"minecraft:bookshelf":1,"bloodandmadness:blood_stone_shard":9,"minecraft:cod":11,"minecraft:cobblestone":763,"paraglider:paraglider":1,"minecraft:enchanting_table":1,"tconstruct:seared_bricks":1,"minecraft:iron_door":1,"minecraft:andesite":70,"minecraft:black_bed":5,"minecraft:chiseled_quartz_block":4,"paraglider:spirit_orb":170,"minecraft:flint":10,"minecraft:tuff":39,"minecraft:lapis_lazuli":132,"minecraft:dirt":11,"minecraft:bone":47,"minecraft:stonecutter":1,"minecraft:wheat_seeds":9,"minecraft:raw_gold":14,"tconstruct:slimesteel_block":1,"tconstruct:seared_table":1,"tconstruct:sky_slime_sapling":9,"minecraft:oak_planks":1,"tconstruct:necrotic_bone":55,"travelersbackpack:squid":3,"regions_unexplored:pine_sapling":3,"regions_unexplored:blue_bioshroom_block":1,"regions_unexplored:pine_planks":24,"minecraft:sand":212,"minecraft:ink_sac":6,"minecraft:dark_prismarine":15,"minecraft:light_gray_concrete":15,"minecraft:dark_prismarine_slab":1,"minecraft:diamond":29,"tconstruct:seared_basin":2,"minecraft:granite":153,"minecraft:golden_apple":7,"iceandfire:dragonbone_bow":1,"minecraft:bread":31,"minecraft:emerald":6,"regions_unexplored:cherry_log":5,"minecraft:coarse_dirt":4,"minecraft:crafting_table":8,"minecraft:chicken":2,"iceandfire:witherbone":31,"bloodandmadness:twin_blood_stone_shards":1,"minecraft:clay_ball":216,"regions_unexplored:blue_bioshroom":1,"gravestone:obituary":3,"minecraft:shield":1,"minecraft:cornflower":1,"minecraft:cyan_carpet":11,"bloodandmadness:blood_vial":39,"minecraft:beef":6,"tconstruct:earth_slime_sling":1,"minecraft:spruce_slab":9,"minecraft:lectern":52,"minecraft:sugar_cane":4,"minecraft:egg":4,"minecraft:raw_iron":44,"minecraft:stone":2,"minecraft:spruce_fence":13,"minecraft:redstone":52,"bloodandmadness:beastblood_clump":2,"minecraft:dark_oak_planks":18,"tconstruct:sky_slime_ball":82,"minecraft:arrow":42,"minecraft:cooked_cod":2,"tconstruct:grout":2,"minecraft:hay_block":3,"bloodandmadness:sanguisteel_nugget":8,"minecraft:yellow_terracotta":2,"bloodandmadness:weapons/cutlass":1,"minecraft:mutton":6,"minecraft:white_wool":3,"minecraft:leather":8,"tconstruct:seared_brick":48,"tconstruct:sledge_hammer":1,"minecraft:apple":1,"tconstruct:seared_heater":1,"minecraft:kelp":3,"minecraft:spruce_wood":1,"minecraft:iron_ingot":8,"minecraft:book":196,"minecraft:pumpkin":1,"minecraft:sweet_berries":6,"minecraft:gravel":93,"minecraft:spruce_log":1,"minecraft:spider_eye":39,"minecraft:oak_wood":1,"travelersbackpack:standard":1,"minecraft:slime_ball":9,"regions_unexplored:fireweed":1,"minecraft:gray_wool":1,"tconstruct:seared_melter":1,"minecraft:dark_oak_wood":21,"minecraft:coal":177},"minecraft:mined":{"minecraft:dark_oak_planks":19,"minecraft:spruce_planks":11,"minecraft:farmland":2,"tconstruct:seared_bricks":1,"minecraft:granite":153,"minecraft:grass_block":2,"minecraft:coal_block":18,"regions_unexplored:blue_bioshroom":1,"regions_unexplored:blue_bioshroom_block":1,"minecraft:spawner":5,"tconstruct:seared_table":1,"minecraft:tall_seagrass":2,"minecraft:iron_ore":48,"tconstruct:seared_melter":1,"minecraft:deepslate_lapis_ore":5,"minecraft:enchanting_table":1,"regions_unexplored:pine_leaves":4,"minecraft:light_gray_concrete":14,"minecraft:spruce_wood":1,"regions_unexplored:prismoss":3,"minecraft:spruce_slab":10,"minecraft:deepslate_redstone_ore":22,"minecraft:kelp_plant":1,"minecraft:chiseled_quartz_block":9,"minecraft:clay":65,"minecraft:torch":3,"minecraft:dark_oak_wood":24,"minecraft:cobblestone":13,"minecraft:sugar_cane":1,"minecraft:oak_planks":1,"minecraft:iron_door":1,"minecraft:wall_torch":8,"regions_unexplored:pine_log":43,"tconstruct:seared_faucet":2,"tconstruct:earth_slime_dirt":14,"minecraft:black_bed":5,"minecraft:stone_brick_stairs":1,"minecraft:grass":2,"minecraft:smooth_quartz":127,"minecraft:sand":234,"minecraft:dirt":9,"tconstruct:seared_heater":1,"tconstruct:sky_vanilla_slime_grass":1,"regions_unexplored:stripped_pine_log":8,"minecraft:tripwire_hook":1,"minecraft:stonecutter":1,"regions_unexplored:prismoss_sprout":1,"minecraft:deepslate":116,"regions_unexplored:fireweed":1,"minecraft:light_blue_stained_glass_pane":2,"minecraft:yellow_terracotta":2,"minecraft:dark_prismarine":17,"minecraft:tuff":39,"iceandfire:silver_ore":6,"minecraft:deepslate_diamond_ore":2,"gravestone:gravestone":5,"minecraft:spruce_fence":13,"minecraft:redstone_wire":1,"minecraft:kelp":2,"regions_unexplored:cherry_log":5,"travelersbackpack:bat":1,"minecraft:furnace":4,"iceandfire:copper_ore":18,"regions_unexplored:tall_forest_fern":1,"tconstruct:sky_earth_slime_grass":160,"minecraft:andesite":70,"regions_unexplored:forest_fern":1,"minecraft:bookshelf":50,"regions_unexplored:medium_grass":7,"minecraft:stone":753,"tconstruct:earth_congealed_slime":1,"minecraft:smithing_table":1,"minecraft:podzol":2,"minecraft:crafting_table":8,"minecraft:cornflower":1,"minecraft:emerald_ore":6,"minecraft:oak_wood":1,"tconstruct:slimesteel_block":1,"tconstruct:seared_basin":2,"minecraft:rose_bush":1,"minecraft:lectern":52,"minecraft:tall_grass":13,"minecraft:copper_ore":59,"minecraft:deepslate_gold_ore":5,"minecraft:lapis_ore":14,"minecraft:diorite":13,"regions_unexplored:prismarite_cluster":3,"travelersbackpack:squid":3,"minecraft:coarse_dirt":4,"minecraft:sweet_berry_bush":5,"minecraft:spruce_log":1,"minecraft:dark_prismarine_slab":1,"regions_unexplored:pine_log_transition":3,"minecraft:coal_ore":88,"minecraft:cyan_carpet":5,"minecraft:gravel":124,"minecraft:gold_ore":9,"tconstruct:sky_congealed_slime":39},"minecraft:broken":{"minecraft:iron_chestplate":1,"minecraft:chainmail_helmet":1,"minecraft:shield":4,"minecraft:iron_pickaxe":1,"minecraft:iron_helmet":1},"minecraft:dropped":{"minecraft:lapis_lazuli":45,"minecraft:diamond":3,"minecraft:leather":7,"bloodandmadness:beastblood_clump":2,"paraglider:spirit_orb":2,"minecraft:dirt":3,"gravestone:obituary":5,"minecraft:wooden_sword":1,"minecraft:sand":48,"tconstruct:sky_slime_ball":4,"minecraft:iron_pickaxe":1,"tconstruct:large_plate":1,"minecraft:cyan_carpet":8,"minecraft:gravel":64,"minecraft:sugar_cane":4,"minecraft:rotten_flesh":3,"minecraft:oak_planks":1,"tconstruct:sledge_hammer":2,"minecraft:chainmail_boots":1,"minecraft:spruce_slab":1,"tconstruct:excavator":1,"minecraft:enchanted_book":4,"minecraft:iron_ingot":5,"minecraft:bread":43,"minecraft:wheat_seeds":2,"minecraft:bookshelf":1,"minecraft:granite":128,"minecraft:music_disc_pigstep":1,"minecraft:coal":90,"minecraft:diorite":13,"minecraft:golden_carrot":8,"minecraft:torch":2,"minecraft:rose_bush":2,"minecraft:smooth_quartz":3,"minecraft:iron_door":1,"minecraft:map":1,"minecraft:iron_leggings":2,"regions_unexplored:pine_slab":5,"minecraft:coarse_dirt":1,"minecraft:stone_sword":1,"minecraft:clay_ball":44,"minecraft:light_gray_concrete":15,"minecraft:spruce_fence":12,"minecraft:diamond_sword":4,"bloodandmadness:sanguisteel_nugget":1,"minecraft:iron_chestplate":1,"iceandfire:dragonbone_bow":1,"minecraft:spider_eye":25,"bloodandmadness:blood_stone_shard":1}},"DataVersion":2975}