{"stats":{"minecraft:crafted":{"minecraft:wooden_sword":1,"minecraft:coal":81,"minecraft:cooked_chicken":3,"minecraft:cooked_mutton":2,"minecraft:bow":1,"minecraft:iron_boots":1,"minecraft:iron_axe":1,"minecraft:dark_oak_planks":36,"regions_unexplored:cherry_planks":20,"minecraft:cooked_cod":3,"minecraft:diamond_sword":2,"minecraft:cooked_porkchop":36,"minecraft:crafting_table":2,"minecraft:iron_helmet":1,"minecraft:iron_sword":1,"minecraft:air":0,"regions_unexplored:pine_planks":12,"minecraft:iron_chestplate":3,"minecraft:diamond_pickaxe":1,"minecraft:shield":3,"minecraft:stick":8,"minecraft:iron_ingot":2,"minecraft:iron_pickaxe":1,"minecraft:stone_sword":1,"minecraft:torch":48},"minecraft:used":{"minecraft:stone_sword":44,"minecraft:spruce_planks":4,"minecraft:shield":413,"minecraft:iron_sword":46,"minecraft:cooked_salmon":9,"minecraft:cooked_chicken":3,"minecraft:rotten_flesh":11,"minecraft:torch":48,"minecraft:dirt":2,"minecraft:dark_oak_planks":36,"minecraft:iron_axe":42,"minecraft:spruce_wood":1,"minecraft:smooth_quartz":1,"minecraft:stone_brick_stairs":1,"minecraft:bow":26,"minecraft:sweet_berries":6,"minecraft:furnace":2,"minecraft:cooked_cod":5,"minecraft:egg":4,"minecraft:pumpkin":1,"minecraft:cooked_mutton":2,"minecraft:crafting_table":4,"minecraft:cod":3,"minecraft:black_bed":5,"regions_unexplored:fireweed":1,"minecraft:diamond_pickaxe":45,"minecraft:bread":83,"minecraft:iron_pickaxe":254,"minecraft:diamond_sword":612,"minecraft:wooden_sword":7,"minecraft:cobblestone":49,"minecraft:cooked_porkchop":36,"minecraft:coarse_dirt":2},"minecraft:killed_by":{"minecraft:wither_skeleton":3,"minecraft:spider":1,"minecraft:cave_spider":1,"bloodandmadness:brainsucker":1,"minecraft:zombie":2},"minecraft:killed":{"minecraft:cave_spider":55,"bloodandmadness:cloaked_beast_patient":1,"minecraft:spider":43,"minecraft:skeleton":9,"bloodandmadness:beast_patient":2,"minecraft:sheep":1,"minecraft:zombie":1,"minecraft:wither_skeleton":11,"minecraft:cow":3},"minecraft:custom":{"minecraft:mob_kills":125,"minecraft:interact_with_crafting_table":24,"minecraft:interact_with_campfire":5,"minecraft:damage_dealt_resisted":3030,"minecraft:leave_game":4,"minecraft:time_since_death":20776,"minecraft:climb_one_cm":19182,"minecraft:sprint_one_cm":286312,"minecraft:walk_one_cm":380978,"minecraft:damage_blocked_by_shield":7823,"minecraft:drop":54,"minecraft:play_noteblock":2,"minecraft:play_time":148881,"minecraft:deaths":8,"minecraft:sneak_time":4903,"minecraft:walk_under_water_one_cm":563,"minecraft:jump":2195,"minecraft:walk_on_water_one_cm":1795,"minecraft:total_world_time":148881,"minecraft:interact_with_furnace":46,"minecraft:tune_noteblock":5,"minecraft:sleep_in_bed":3,"minecraft:time_since_rest":20800,"minecraft:damage_taken":12360,"minecraft:damage_dealt":39465,"minecraft:swim_one_cm":6791,"minecraft:fly_one_cm":266664,"minecraft:open_chest":42,"minecraft:crouch_one_cm":8442,"minecraft:fall_one_cm":51310},"minecraft:picked_up":{"regions_unexplored:cherry_log":5,"minecraft:coarse_dirt":3,"minecraft:crafting_table":3,"minecraft:iron_chestplate":1,"minecraft:chicken":2,"minecraft:chainmail_boots":1,"iceandfire:witherbone":12,"minecraft:diamond_sword":1,"minecraft:stone_brick_stairs":1,"gravestone:obituary":3,"minecraft:shield":1,"minecraft:string":104,"minecraft:cooked_salmon":9,"minecraft:iron_leggings":1,"minecraft:cyan_carpet":9,"bloodandmadness:blood_vial":10,"regions_unexplored:pine_log":3,"minecraft:spruce_planks":7,"minecraft:rose_bush":2,"minecraft:iron_pickaxe":1,"minecraft:smooth_quartz":102,"minecraft:spruce_slab":9,"minecraft:sugar_cane":4,"minecraft:coal_block":9,"minecraft:furnace":2,"minecraft:egg":4,"minecraft:raw_iron":16,"minecraft:stick":21,"minecraft:torch":12,"minecraft:spruce_fence":10,"minecraft:porkchop":64,"iceandfire:rotten_egg":1,"bloodandmadness:beastblood_clump":2,"minecraft:dark_oak_planks":17,"minecraft:arrow":29,"minecraft:rotten_flesh":3,"minecraft:cooked_cod":2,"minecraft:hay_block":3,"bloodandmadness:sanguisteel_nugget":2,"minecraft:yellow_terracotta":2,"minecraft:mutton":2,"bloodandmadness:blood_stone_shard":4,"minecraft:cod":11,"minecraft:white_wool":1,"minecraft:cobblestone":68,"minecraft:iron_door":1,"minecraft:black_bed":5,"minecraft:chiseled_quartz_block":4,"paraglider:spirit_orb":4,"minecraft:dirt":5,"minecraft:bone":32,"minecraft:stonecutter":1,"minecraft:wheat_seeds":1,"minecraft:spruce_wood":1,"minecraft:iron_ingot":8,"tconstruct:necrotic_bone":13,"minecraft:pumpkin":1,"minecraft:sweet_berries":6,"regions_unexplored:pine_planks":4,"minecraft:spider_eye":30,"minecraft:dark_prismarine":10,"minecraft:light_gray_concrete":15,"regions_unexplored:fireweed":1,"minecraft:emerald":3,"minecraft:bread":3,"minecraft:dark_oak_wood":17,"minecraft:coal":28},"minecraft:mined":{"minecraft:dark_oak_planks":17,"minecraft:dark_prismarine":12,"minecraft:light_blue_stained_glass_pane":2,"minecraft:spruce_planks":7,"gravestone:gravestone":5,"minecraft:grass_block":2,"minecraft:spruce_fence":12,"minecraft:redstone_wire":1,"minecraft:coal_block":9,"minecraft:spawner":3,"regions_unexplored:cherry_log":5,"minecraft:furnace":2,"minecraft:iron_ore":19,"regions_unexplored:forest_fern":1,"regions_unexplored:pine_leaves":1,"minecraft:light_gray_concrete":14,"regions_unexplored:medium_grass":3,"minecraft:spruce_wood":1,"minecraft:stone":63,"minecraft:spruce_slab":10,"minecraft:podzol":2,"minecraft:chiseled_quartz_block":9,"minecraft:crafting_table":3,"minecraft:torch":2,"minecraft:dark_oak_wood":18,"minecraft:emerald_ore":3,"minecraft:rose_bush":1,"minecraft:tall_grass":9,"minecraft:cobblestone":6,"minecraft:sugar_cane":1,"minecraft:iron_door":1,"minecraft:wall_torch":8,"regions_unexplored:pine_log":3,"minecraft:coarse_dirt":3,"minecraft:sweet_berry_bush":5,"minecraft:black_bed":5,"minecraft:stone_brick_stairs":1,"minecraft:coal_ore":24,"minecraft:cyan_carpet":5,"minecraft:dirt":1,"minecraft:smooth_quartz":118,"minecraft:tripwire_hook":1,"minecraft:stonecutter":1,"regions_unexplored:fireweed":1,"minecraft:yellow_terracotta":2},"minecraft:broken":{"minecraft:iron_chestplate":1,"minecraft:chainmail_helmet":1,"minecraft:shield":3,"minecraft:iron_pickaxe":1},"minecraft:dropped":{"minecraft:bread":43,"minecraft:wheat_seeds":1,"bloodandmadness:beastblood_clump":2,"paraglider:spirit_orb":2,"minecraft:dirt":3,"minecraft:golden_carrot":8,"minecraft:rose_bush":2,"minecraft:smooth_quartz":3,"minecraft:iron_door":1,"minecraft:map":1,"minecraft:iron_leggings":2,"gravestone:obituary":5,"minecraft:iron_pickaxe":1,"minecraft:cyan_carpet":8,"minecraft:sugar_cane":4,"minecraft:coarse_dirt":1,"minecraft:rotten_flesh":3,"minecraft:light_gray_concrete":15,"minecraft:spruce_fence":9,"minecraft:diamond_sword":1,"bloodandmadness:sanguisteel_nugget":1,"minecraft:iron_chestplate":1,"minecraft:chainmail_boots":1,"minecraft:spider_eye":25,"minecraft:spruce_slab":1,"bloodandmadness:blood_stone_shard":1}},"DataVersion":2975}