{"stats":{"minecraft:crafted":{"minecraft:smooth_stone":3,"minecraft:oak_planks":4,"tconstruct:puny_smelting":1,"travelersbackpack:crafting_upgrade":1,"minecraft:cooked_chicken":3,"minecraft:stone":3,"minecraft:diamond_shovel":1,"tconstruct:tinkers_gadgetry":1,"minecraft:bookshelf":22,"minecraft:cooked_mutton":6,"tconstruct:seared_melter":1,"minecraft:glass":6,"minecraft:hopper":9,"minecraft:diamond_helmet":1,"minecraft:bow":1,"minecraft:diamond_leggings":1,"minecraft:iron_boots":2,"tconstruct:materials_and_you":1,"tconstruct:seared_brick":264,"iceandfire:dragonbone_arrow":5,"minecraft:chest":10,"tconstruct:seared_fuel_tank":1,"tconstruct:tough_handle":2,"regions_unexplored:cherry_planks":20,"minecraft:emerald":108,"minecraft:cooked_porkchop":36,"minecraft:diamond_axe":1,"minecraft:crafting_table":3,"minecraft:spruce_planks":4,"minecraft:iron_helmet":2,"minecraft:smithing_table":1,"iceandfire:wither_shard":3,"minecraft:copper_ingot":34,"iceandfire:dragonbone_bow":1,"minecraft:lectern":1,"minecraft:iron_chestplate":3,"minecraft:emerald_block":11,"minecraft:diamond_pickaxe":1,"minecraft:shield":8,"minecraft:stick":8,"minecraft:iron_ingot":38,"minecraft:iron_pickaxe":1,"minecraft:stone_sword":1,"tconstruct:seared_bricks":61,"tconstruct:large_plate":2,"tconstruct:seared_fuel_gauge":1,"minecraft:cobbled_deepslate_slab":12,"minecraft:wooden_sword":1,"tconstruct:pattern":12,"minecraft:coal":171,"tconstruct:part_builder":1,"minecraft:blast_furnace":1,"tconstruct:seared_basin":1,"travelersbackpack:gold_tier_upgrade":2,"travelersbackpack:blank_upgrade":4,"iceandfire:armor_copper_metal_helmet":1,"minecraft:flint_and_steel":1,"tconstruct:tinker_station":1,"minecraft:diamond":54,"minecraft:iron_axe":1,"minecraft:iron_hoe":1,"minecraft:spruce_slab":6,"tconstruct:seared_table":1,"regions_unexplored:pine_slab":6,"minecraft:dark_oak_planks":68,"travelersbackpack:diamond_tier_upgrade":1,"minecraft:cooked_beef":5,"minecraft:coal_block":2,"minecraft:cooked_cod":3,"minecraft:diamond_sword":2,"tconstruct:tinkers_anvil":1,"travelersbackpack:backpack_tank":2,"tconstruct:excavator":3,"minecraft:iron_sword":1,"minecraft:nether_bricks":53,"minecraft:bucket":1,"tconstruct:hammer_head":1,"tconstruct:seared_drain":1,"minecraft:enchanted_book":7,"minecraft:air":0,"minecraft:bread":18,"travelersbackpack:squid":1,"tconstruct:seared_heater":1,"regions_unexplored:pine_planks":476,"tconstruct:seared_faucet":3,"minecraft:torch":48,"tconstruct:grout":228,"tconstruct:sledge_hammer":6},"minecraft:broken":{"minecraft:iron_chestplate":1,"minecraft:chainmail_helmet":1,"minecraft:shield":4,"minecraft:iron_axe":1,"minecraft:iron_pickaxe":1,"minecraft:iron_helmet":1},"minecraft:picked_up":{"minecraft:iron_chestplate":1,"minecraft:wheat":1,"travelersbackpack:bat":1,"minecraft:chainmail_boots":1,"iceandfire:copper_ore":18,"minecraft:smithing_table":1,"minecraft:diamond_sword":5,"minecraft:enchanted_book":1,"minecraft:nether_brick":370,"minecraft:stone_brick_stairs":1,"minecraft:string":205,"regions_unexplored:prismarite_cluster":3,"minecraft:raw_copper":198,"tconstruct:earth_slime_dirt":100,"minecraft:cooked_salmon":9,"minecraft:iron_leggings":1,"regions_unexplored:stripped_pine_log":18,"regions_unexplored:pine_log":101,"minecraft:cobbled_deepslate":257,"minecraft:spruce_planks":11,"minecraft:rose_bush":3,"minecraft:smooth_quartz":111,"minecraft:iron_pickaxe":1,"minecraft:coal_block":17,"bloodandmadness:pure_quicksilver":1,"minecraft:furnace":10,"minecraft:golden_helmet":1,"minecraft:stick":42,"minecraft:torch":20,"iceandfire:silver_ore":7,"minecraft:porkchop":64,"regions_unexplored:tall_pine_sapling":1,"iceandfire:rotten_egg":1,"tconstruct:seared_faucet":2,"minecraft:diorite":13,"minecraft:music_disc_pigstep":1,"travelersbackpack:iron":1,"minecraft:rotten_flesh":12,"minecraft:bookshelf":1,"minecraft:obsidian":35,"bloodandmadness:blood_stone_shard":13,"minecraft:cod":11,"minecraft:cobblestone":763,"paraglider:paraglider":1,"tconstruct:seared_bricks":1,"minecraft:enchanting_table":1,"minecraft:magma_cream":24,"minecraft:iron_door":1,"minecraft:andesite":70,"minecraft:black_bed":5,"minecraft:golden_leggings":1,"minecraft:chiseled_quartz_block":4,"paraglider:spirit_orb":170,"minecraft:flint":15,"minecraft:tuff":68,"minecraft:lapis_lazuli":220,"minecraft:dirt":61,"tconstruct:ichor_slime_dirt":7,"minecraft:glass":12,"minecraft:bone":51,"minecraft:stonecutter":1,"minecraft:wheat_seeds":12,"minecraft:raw_gold":14,"minecraft:cobbled_deepslate_slab":9,"tconstruct:slimesteel_block":1,"tconstruct:seared_table":1,"regions_unexplored:red_cherry_sapling":6,"tconstruct:sky_slime_sapling":9,"minecraft:oak_planks":1,"regions_unexplored:cherry_sapling":3,"regions_unexplored:white_cherry_sapling":7,"tconstruct:necrotic_bone":55,"travelersbackpack:squid":3,"regions_unexplored:pine_sapling":23,"regions_unexplored:blue_bioshroom_block":1,"regions_unexplored:pine_planks":24,"minecraft:sand":212,"minecraft:ink_sac":6,"minecraft:mossy_cobblestone":7,"minecraft:dark_prismarine":15,"bloodandmadness:bullets/quicksilver_bullet":1,"minecraft:light_gray_concrete":15,"minecraft:dark_prismarine_slab":1,"minecraft:deepslate":356,"minecraft:diamond":31,"tconstruct:seared_basin":2,"minecraft:cracked_polished_blackstone_bricks":23,"minecraft:granite":153,"minecraft:golden_apple":7,"minecraft:emerald":6,"iceandfire:dragonbone_bow":1,"minecraft:bread":31,"minecraft:netherrack":46,"iceandfire:copper_ingot":4,"regions_unexplored:cherry_log":52,"minecraft:coarse_dirt":4,"minecraft:crafting_table":8,"iceandfire:witherbone":31,"bloodandmadness:twin_blood_stone_shards":1,"minecraft:chicken":2,"minecraft:clay_ball":216,"minecraft:gold_block":5,"regions_unexplored:blue_bioshroom":1,"gravestone:obituary":3,"minecraft:shield":1,"minecraft:cornflower":1,"regions_unexplored:poppy_bush":1,"minecraft:blackstone":2,"minecraft:cyan_carpet":11,"bloodandmadness:blood_vial":50,"minecraft:beef":14,"tconstruct:earth_slime_sling":1,"minecraft:spruce_slab":9,"minecraft:lectern":52,"minecraft:sugar_cane":4,"minecraft:phantom_membrane":1,"minecraft:egg":4,"minecraft:raw_iron":44,"tconstruct:raw_cobalt":5,"minecraft:stone":165,"tconstruct:blood_slime_ball":120,"minecraft:spruce_fence":13,"minecraft:polished_blackstone_bricks":33,"tconstruct:ichor_slime_ball":104,"minecraft:redstone":128,"bloodandmadness:beastblood_clump":2,"minecraft:dark_oak_planks":18,"tconstruct:sky_slime_ball":82,"minecraft:arrow":47,"minecraft:cooked_cod":2,"tconstruct:grout":2,"minecraft:hay_block":3,"bloodandmadness:sanguisteel_nugget":9,"minecraft:yellow_terracotta":2,"bloodandmadness:weapons/cutlass":1,"minecraft:gold_ingot":15,"minecraft:mutton":6,"minecraft:white_wool":3,"minecraft:basalt":1,"minecraft:glow_ink_sac":6,"minecraft:leather":14,"minecraft:golden_boots":1,"tconstruct:seared_brick":48,"minecraft:apple":4,"tconstruct:seared_heater":1,"tconstruct:sledge_hammer":1,"minecraft:kelp":3,"minecraft:spruce_wood":1,"minecraft:iron_ingot":26,"minecraft:soul_sand":342,"minecraft:book":196,"minecraft:pumpkin":1,"minecraft:sweet_berries":6,"minecraft:quartz":33,"minecraft:gravel":113,"minecraft:spruce_log":1,"minecraft:spider_eye":39,"travelersbackpack:standard":1,"minecraft:oak_wood":1,"minecraft:slime_ball":9,"regions_unexplored:fireweed":1,"minecraft:gray_wool":1,"tconstruct:seared_melter":1,"minecraft:dark_oak_wood":21,"minecraft:coal":178},"minecraft:killed_by":{"minecraft:wither_skeleton":3,"minecraft:cave_spider":1,"minecraft:zombie":2,"minecraft:spider":1,"bloodandmadness:brainsucker":1},"minecraft:killed":{"minecraft:cave_spider":57,"bloodandmadness:church_doctor_flamesprayer":1,"minecraft:witch":1,"minecraft:spider":78,"tconstruct:sky_slime":8,"minecraft:skeleton":40,"bloodandmadness:beast_patient":8,"minecraft:piglin_brute":3,"minecraft:magma_cube":107,"minecraft:piglin":12,"minecraft:zombie_villager":1,"minecraft:creeper":4,"minecraft:sheep":4,"minecraft:pillager":2,"minecraft:zombie":15,"minecraft:cow":8,"bloodandmadness:church_doctor":3,"bloodandmadness:cloaked_beast_patient":4,"minecraft:vindicator":1,"minecraft:phantom":5,"bloodandmadness:huntsman_cutlass":4,"bloodandmadness:huntsman_axe":1,"bloodandmadness:church_doctor_scythe":3,"bloodandmadness:church_doctor_lantern":3,"minecraft:hoglin":2,"minecraft:squid":3,"bloodandmadness:church_doctor_crucifix":2,"minecraft:wither_skeleton":36,"minecraft:enderman":1},"minecraft:mined":{"minecraft:dark_oak_planks":19,"minecraft:spruce_planks":11,"minecraft:farmland":2,"tconstruct:seared_bricks":1,"minecraft:obsidian":19,"minecraft:granite":155,"minecraft:grass_block":2,"minecraft:cracked_polished_blackstone_bricks":25,"minecraft:coal_block":18,"regions_unexplored:blue_bioshroom":1,"minecraft:spawner":5,"regions_unexplored:blue_bioshroom_block":1,"tconstruct:seared_table":1,"minecraft:polished_blackstone_bricks":40,"minecraft:tall_seagrass":2,"minecraft:iron_ore":61,"minecraft:cobbled_deepslate":14,"tconstruct:ichor_slime_dirt":2,"tconstruct:cobalt_ore":2,"tconstruct:seared_melter":1,"minecraft:deepslate_lapis_ore":12,"minecraft:enchanting_table":1,"regions_unexplored:pine_leaves":4,"minecraft:light_gray_concrete":14,"minecraft:spruce_wood":1,"regions_unexplored:prismoss":3,"tconstruct:ichor_congealed_slime":26,"minecraft:spruce_slab":10,"minecraft:deepslate_redstone_ore":40,"minecraft:blackstone":2,"minecraft:kelp_plant":1,"minecraft:chiseled_quartz_block":9,"minecraft:clay":65,"minecraft:torch":3,"minecraft:dark_oak_wood":24,"minecraft:nether_quartz_ore":39,"minecraft:cobblestone":77,"minecraft:sugar_cane":1,"minecraft:oak_planks":1,"minecraft:iron_door":1,"minecraft:wall_torch":13,"regions_unexplored:pine_log":110,"minecraft:warped_nylium":18,"tconstruct:seared_faucet":2,"tconstruct:earth_slime_dirt":14,"minecraft:black_bed":5,"minecraft:stone_brick_stairs":1,"minecraft:grass":8,"minecraft:smooth_quartz":127,"minecraft:sand":246,"minecraft:dirt":48,"tconstruct:seared_heater":1,"tconstruct:sky_vanilla_slime_grass":1,"regions_unexplored:stripped_pine_log":18,"minecraft:tripwire_hook":1,"minecraft:stonecutter":1,"minecraft:netherrack":641,"regions_unexplored:prismoss_sprout":1,"minecraft:deepslate":738,"regions_unexplored:fireweed":1,"minecraft:dark_prismarine":17,"minecraft:light_blue_stained_glass_pane":2,"minecraft:yellow_terracotta":2,"minecraft:tuff":43,"iceandfire:silver_ore":6,"minecraft:mossy_cobblestone":52,"minecraft:deepslate_diamond_ore":4,"gravestone:gravestone":5,"minecraft:cobbled_deepslate_slab":15,"regions_unexplored:tall_pine_sapling":1,"minecraft:spruce_fence":13,"regions_unexplored:poppy_bush":2,"tconstruct:blood_congealed_slime":30,"minecraft:redstone_wire":1,"regions_unexplored:pine_planks":1,"minecraft:kelp":2,"regions_unexplored:cherry_log":55,"travelersbackpack:bat":1,"minecraft:furnace":4,"iceandfire:copper_ore":22,"regions_unexplored:tall_forest_fern":1,"tconstruct:sky_earth_slime_grass":160,"minecraft:andesite":70,"regions_unexplored:forest_fern":5,"minecraft:gold_block":5,"minecraft:bookshelf":50,"minecraft:deepslate_iron_ore":5,"regions_unexplored:medium_grass":14,"minecraft:stone":886,"tconstruct:earth_congealed_slime":1,"minecraft:smithing_table":1,"minecraft:podzol":2,"minecraft:basalt":1,"minecraft:crafting_table":8,"minecraft:cornflower":1,"minecraft:emerald_ore":6,"minecraft:oak_wood":1,"tconstruct:slimesteel_block":1,"tconstruct:seared_basin":2,"minecraft:rose_bush":1,"minecraft:lectern":52,"minecraft:tall_grass":14,"minecraft:copper_ore":59,"minecraft:deepslate_gold_ore":20,"minecraft:lapis_ore":22,"minecraft:diorite":18,"regions_unexplored:prismarite_cluster":3,"travelersbackpack:squid":3,"minecraft:coarse_dirt":4,"tconstruct:blood_ichor_slime_grass":5,"minecraft:sweet_berry_bush":5,"minecraft:spruce_log":1,"minecraft:dark_prismarine_slab":1,"regions_unexplored:pine_log_transition":8,"minecraft:coal_ore":89,"minecraft:gravel":177,"minecraft:cyan_carpet":5,"regions_unexplored:viridescent_nylium":2,"tconstruct:blood_slime_tall_grass":3,"minecraft:gold_ore":9,"tconstruct:sky_congealed_slime":39},"minecraft:custom":{"minecraft:interact_with_crafting_table":107,"minecraft:open_barrel":6,"minecraft:leave_game":7,"minecraft:time_since_death":441648,"minecraft:sprint_one_cm":869155,"minecraft:damage_blocked_by_shield":11208,"minecraft:drop":180,"minecraft:play_noteblock":3,"minecraft:talked_to_villager":49,"minecraft:play_time":569753,"minecraft:deaths":8,"minecraft:jump":6472,"minecraft:walk_on_water_one_cm":70851,"minecraft:enchant_item":8,"minecraft:interact_with_furnace":158,"minecraft:traded_with_villager":7,"minecraft:sleep_in_bed":10,"minecraft:damage_dealt":90133,"minecraft:crouch_one_cm":64870,"minecraft:interact_with_smithing_table":10,"minecraft:interact_with_anvil":13,"minecraft:mob_kills":416,"minecraft:interact_with_campfire":5,"minecraft:damage_dealt_resisted":6302,"minecraft:climb_one_cm":21028,"minecraft:walk_one_cm":1073501,"minecraft:sneak_time":29494,"minecraft:walk_under_water_one_cm":49129,"minecraft:total_world_time":569753,"minecraft:tune_noteblock":5,"minecraft:interact_with_grindstone":8,"minecraft:time_since_rest":118617,"minecraft:damage_taken":22828,"minecraft:swim_one_cm":106892,"minecraft:fly_one_cm":1554968,"minecraft:open_chest":488,"minecraft:fall_one_cm":224054},"minecraft:dropped":{"minecraft:lapis_lazuli":45,"minecraft:diamond":3,"minecraft:leather":7,"bloodandmadness:beastblood_clump":2,"paraglider:spirit_orb":2,"minecraft:flint":2,"minecraft:dirt":3,"gravestone:obituary":5,"minecraft:wooden_sword":1,"minecraft:sand":48,"tconstruct:sky_slime_ball":4,"minecraft:iron_pickaxe":1,"tconstruct:large_plate":1,"minecraft:cyan_carpet":8,"minecraft:gravel":64,"minecraft:sugar_cane":4,"minecraft:wheat":1,"minecraft:rotten_flesh":12,"minecraft:oak_planks":1,"travelersbackpack:iron":1,"tconstruct:sledge_hammer":2,"minecraft:hopper":9,"minecraft:chainmail_boots":1,"minecraft:spruce_slab":1,"tconstruct:excavator":1,"minecraft:arrow":2,"minecraft:enchanted_book":4,"minecraft:bread":43,"minecraft:iron_ingot":5,"minecraft:wheat_seeds":9,"minecraft:mossy_cobblestone":7,"minecraft:bookshelf":1,"minecraft:granite":128,"minecraft:music_disc_pigstep":1,"regions_unexplored:pine_sapling":20,"minecraft:coal":91,"minecraft:iron_block":5,"minecraft:diorite":13,"minecraft:golden_carrot":8,"minecraft:torch":2,"minecraft:rose_bush":2,"minecraft:smooth_quartz":3,"minecraft:iron_door":1,"minecraft:map":1,"minecraft:iron_leggings":2,"minecraft:string":1,"regions_unexplored:tall_pine_sapling":1,"regions_unexplored:pine_slab":5,"minecraft:kelp":3,"regions_unexplored:pine_planks":99,"minecraft:coarse_dirt":1,"minecraft:stone_sword":1,"minecraft:deepslate":8,"minecraft:clay_ball":44,"minecraft:light_gray_concrete":15,"minecraft:spruce_fence":12,"minecraft:diamond_sword":4,"bloodandmadness:sanguisteel_nugget":3,"minecraft:iron_chestplate":1,"iceandfire:dragonbone_bow":2,"minecraft:spider_eye":29,"bloodandmadness:blood_stone_shard":1},"minecraft:used":{"regions_unexplored:pine_planks":5,"minecraft:shield":478,"minecraft:stone":48,"minecraft:iron_sword":46,"minecraft:rotten_flesh":11,"tconstruct:seared_fuel_tank":1,"tconstruct:sledge_hammer":2,"minecraft:nether_bricks":53,"minecraft:obsidian":15,"minecraft:spruce_wood":1,"regions_unexplored:poppy_bush":1,"tconstruct:seared_faucet":4,"minecraft:stone_brick_stairs":1,"tconstruct:tinkers_anvil":1,"minecraft:bow":28,"minecraft:sweet_berries":6,"minecraft:furnace":11,"minecraft:cooked_cod":5,"tconstruct:smeltery_controller":1,"minecraft:egg":4,"minecraft:oak_planks":4,"minecraft:diamond_axe":117,"minecraft:sand":12,"minecraft:black_bed":5,"regions_unexplored:fireweed":1,"minecraft:bread":193,"minecraft:lectern":52,"minecraft:deepslate":272,"minecraft:diamond_sword":1382,"minecraft:wooden_sword":7,"minecraft:smithing_table":2,"minecraft:andesite":15,"minecraft:coarse_dirt":2,"tconstruct:earth_slime_dirt":93,"minecraft:experience_bottle":1,"minecraft:enchanting_table":2,"minecraft:stone_sword":44,"minecraft:flint_and_steel":1,"minecraft:spruce_planks":11,"tconstruct:slimesteel_block":1,"minecraft:cooked_salmon":9,"minecraft:cooked_chicken":3,"travelersbackpack:bat":18,"minecraft:netherrack":8,"minecraft:torch":61,"tconstruct:seared_drain":1,"minecraft:dirt":8,"minecraft:anvil":1,"tconstruct:seared_bricks":55,"regions_unexplored:blue_bioshroom_block":1,"tconstruct:seared_heater":1,"minecraft:iron_hoe":5,"minecraft:dark_oak_planks":36,"minecraft:bookshelf":21,"minecraft:iron_axe":259,"travelersbackpack:squid":21,"tconstruct:tinker_station":1,"minecraft:smooth_quartz":61,"minecraft:golden_carrot":9,"minecraft:beef":1,"tconstruct:sky_slime_bucket":1,"minecraft:cooked_beef":34,"tconstruct:part_builder":1,"minecraft:pumpkin":1,"minecraft:wheat_seeds":3,"minecraft:cooked_mutton":6,"minecraft:water_bucket":21,"minecraft:polished_blackstone_bricks":10,"minecraft:dark_prismarine_slab":1,"minecraft:crafting_table":10,"minecraft:cod":3,"tconstruct:seared_basin":3,"minecraft:dark_prismarine":10,"minecraft:diamond_pickaxe":614,"minecraft:apple":1,"minecraft:diamond_shovel":617,"iceandfire:dragonbone_bow":115,"tconstruct:seared_table":2,"minecraft:iron_pickaxe":254,"minecraft:cobblestone":109,"tconstruct:seared_melter":1,"minecraft:cobbled_deepslate_slab":21,"minecraft:cooked_porkchop":36,"minecraft:bucket":41}},"DataVersion":2975}